minute,open,high,low,close,volume,one_min_return,log_return_1m,trailing_volatility,dollar_volume,volume_zscore_30m,future_close,forward_return,log_forward_return,direction_5m,direction_3class_5m
2026-04-17 09:44:00-04:00,16.0,16.0,16.0,16.0,0,,,,0.0,,25.350000381469727,0.5843750238418579,0.4601900228455263,1,1
2026-04-17 13:25:00-04:00,26.0,26.25,25.709999084472656,26.0,1523174,0.625,0.4855078157817008,,39602524.0,,25.059999465942383,-0.036153866694523695,-0.036823609864717895,0,-1
2026-04-17 13:26:00-04:00,26.0,26.0,24.350000381469727,24.850000381469727,114093,-0.04423075455885672,-0.04523877012795006,,2835211.0935230255,,24.799999237060547,-0.0020121184564031447,-0.0020141454862836828,0,-1
2026-04-17 13:27:00-04:00,24.864999771118164,26.25,24.709999084472656,25.790000915527344,110802,0.037826982681197885,0.03712908749903608,,2857583.6814422607,,24.5,-0.05001942108310187,-0.051313737841886906,0,-1
2026-04-17 13:28:00-04:00,25.75,26.0,24.360000610351562,24.459999084472656,192073,-0.05157044528268839,-0.05294776256311504,,4698105.4041519165,-0.3070233130335891,24.797000885009766,0.01377767020240972,0.013683620972554844,1,1
2026-04-17 13:29:00-04:00,24.5,25.614999771118164,24.459999084472656,25.350000381469727,117675,0.03638599060954384,0.03573965225585453,0.22409192953161808,2983061.29488945,-0.3874811443333218,24.25,-0.04339251932610633,-0.04436212770181536,0,-1
2026-04-17 13:30:00-04:00,25.354999542236328,25.649999618530273,24.560100555419922,25.059999465942383,270519,-0.01143987815240144,-0.011505816928543394,0.20484296782336894,6779205.995527267,-0.11684442140193835,24.780000686645508,-0.011173135884436247,-0.011236024246102696,0,-1
2026-04-17 13:31:00-04:00,25.059999465942383,25.329599380493164,24.6299991607666,24.799999237060547,47370,-0.010375109115033587,-0.010429305749515705,0.189748387459198,1174775.963859558,-0.49691724234114076,24.889999389648438,0.003629038522444672,0.0036224694502928474,1,1
2026-04-17 13:32:00-04:00,24.700000762939453,24.760000228881836,24.0,24.5,109071,-0.012096743802001209,-0.01217050485656709,0.17765115471027956,2672239.5,-0.3523537363670661,24.110000610351562,-0.015918342434630084,-0.016046400042315213,0,-1
2026-04-17 13:33:00-04:00,24.579999923706055,24.798999786376953,23.700000762939453,24.797000885009766,138671,0.012122485102439517,0.012049596251326783,0.1667442530155731,3438624.909725189,-0.2754437934071491,24.174999237060547,-0.025083745039716887,-0.025403704021676448,0,-1
2026-04-17 13:34:00-04:00,24.799999237060547,24.8700008392334,24.06999969482422,24.25,43449,-0.022059154957744798,-0.022306096418515765,0.15880263405648076,1053638.25,-0.4616652299960073,24.260000228881836,0.00041238057244674664,0.0004122955669474223,1,1
2026-04-17 13:35:00-04:00,24.21500015258789,24.780000686645508,24.21500015258789,24.780000686645508,51579,0.02185569841837154,0.021620286527169248,0.15077359296759912,1278127.6554164886,-0.42194023519636553,24.334999084472656,-0.017958094828168125,-0.01812129824707899,0,-1
2026-04-17 13:36:00-04:00,24.59000015258789,24.989999771118164,24.549999237060547,24.889999389648438,52293,0.0044390112976151475,0.004429187946879877,0.14411848874129218,1301572.7380828857,-0.402173126107682,24.739999771118164,-0.006026501494920011,-0.0060447341446883815,0,-1
2026-04-17 13:37:00-04:00,24.97920036315918,25.0,24.100000381469727,24.110000610351562,81391,-0.03133783842603355,-0.031839374349175206,0.13929088489420682,1962337.059677124,-0.3170484737050465,24.90999984741211,0.03318122010818492,0.03264260564015534,1,1
2026-04-17 13:38:00-04:00,24.110000610351562,24.204999923706055,23.94499969482422,24.174999237060547,109113,0.002695919745480113,0.002692292271965474,0.13404827764609908,2637806.6917533875,-0.23698412192478316,25.079999923706055,0.037435396699336154,0.03675170294236517,1,1
2026-04-17 13:39:00-04:00,24.329999923706055,24.434999465942383,24.15999984741211,24.260000228881836,48797,0.0035160700932301836,0.003509903170108263,0.1293460883799935,1183815.231168747,-0.3850043122373749,25.110000610351562,0.035037113497542016,0.0344372845261649,1,1
2026-04-17 13:40:00-04:00,24.344999313354492,24.344999313354492,23.90999984741211,24.334999084472656,57758,0.0030914614543793295,0.003086692713142713,0.12511221074806222,1405540.8771209717,-0.3487548099934348,25.100000381469727,0.03143625748008305,0.03095225567215269,1,1
2026-04-17 13:41:00-04:00,24.459999084472656,24.950000762939453,24.299999237060547,24.739999771118164,34960,0.01664272454827942,0.016505752049270607,0.12116222963534294,864910.391998291,-0.4005816105033323,25.149999618530273,0.016572346451302344,0.016436523665112914,1,1
2026-04-17 13:42:00-04:00,24.795000076293945,25.0,24.760000228881836,24.90999984741211,80779,0.006871466364862577,0.006847965435668531,0.11762802712144932,2012204.8776741028,-0.2597803766562351,24.887100219726562,-0.0009192945734973756,-0.0009197173838985388,0,-1
2026-04-17 13:43:00-04:00,24.852500915527344,25.200000762939453,24.795000076293945,25.079999923706055,64868,0.006824571550995362,0.006801389574175325,0.11438674425103501,1626889.4350509644,-0.29929887175970477,25.15999984741211,0.003189789631157014,0.003184713044841681,1,1
2026-04-17 13:44:00-04:00,25.079999923706055,25.149999618530273,24.934999465942383,25.110000610351562,22810,0.0011961996306526501,0.0011954847539078699,0.11144911090353908,572759.1139221191,-0.4166238323121138,25.209999084472656,0.003982416236177677,0.003974507407184284,1,1
2026-04-17 13:45:00-04:00,25.149999618530273,25.149999618530273,24.989999771118164,25.100000381469727,28055,-0.00039825681556193704,-0.0003983361408694365,0.10874236206538601,704180.5107021332,-0.3899449309707069,25.25,0.005976080328708333,0.005958294385633649,1,1
2026-04-17 13:46:00-04:00,25.15999984741211,25.450000762939453,25.110000610351562,25.149999618530273,25127,0.0019920014462413427,0.001990020042230532,0.10620268168685905,631944.0404148102,-0.3895252832161375,25.229999542236328,0.0031809115276133504,0.0031758631313749484,1,1
2026-04-17 13:47:00-04:00,25.052400588989258,25.200000762939453,24.510000228881836,24.887100219726562,35470,-0.010453256572219183,-0.010508275613342945,0.1039629162669383,882745.4447937012,-0.3476678687166859,25.260000228881836,0.014983666472307533,0.014872520218760872,1,1
2026-04-17 13:48:00-04:00,24.860000610351562,25.309999465942383,24.81999969482422,25.15999984741211,26460,0.010965505232676032,0.010905820002915317,0.10169185623583472,665733.5959625244,-0.36923097980518577,25.55500030517578,0.015699541341781975,0.015577578394625315,1,1
2026-04-17 13:49:00-04:00,25.21500015258789,25.31999969482422,25.130599975585938,25.209999084472656,24907,0.001987251087590458,0.001985279116250498,0.09960793462682527,627905.4471969604,-0.3664855437758258,25.90999984741211,0.02776679049427644,0.027388283801079265,1,1
2026-04-17 13:50:00-04:00,25.219999313354492,25.270000457763672,25.100000381469727,25.25,20641,0.0015867083292351314,0.0015854508375800192,0.09764973261128879,521185.25,-0.37330185628631346,25.670000076293945,0.016633666387878998,0.01649684213378557,1,1
2026-04-17 13:51:00-04:00,25.200000762939453,25.43000030517578,25.200000762939453,25.229999542236328,31938,-0.0007920973371751128,-0.0007924112120281282,0.09581846921922348,805795.7253799438,-0.3272284319684121,25.92530059814453,0.027558504499543668,0.027185604452994453,1,1
2026-04-17 13:52:00-04:00,25.260000228881836,25.260000228881836,25.03499984741211,25.260000228881836,37773,0.0011890878791054327,0.0011883814740429924,0.09407399280482992,954145.9886455536,-0.30078064022452483,26.5,0.04908946001118286,0.04792260700879291,1,1
2026-04-17 13:53:00-04:00,25.15999984741211,25.55500030517578,25.15999984741211,25.55500030517578,37522,0.011678546065753581,0.011610878178779675,0.09238294533949921,958874.7214508057,-0.2963310398802749,26.514999389648438,0.03756599776984637,0.036877583407824883,1,1
2026-04-17 13:54:00-04:00,25.55500030517578,25.950000762939453,25.479999542236328,25.90999984741211,45249,0.01389158826049508,0.01379598452270461,0.09077717710411752,1172401.5830955505,-0.27398272918180794,26.584999084472656,0.026051688191266686,0.02571812383369223,1,1
2026-04-17 13:55:00-04:00,25.934999465942383,26.0,25.635000228881836,25.670000076293945,45050,-0.009262824103881129,-0.009305990829713662,0.019549346396915336,1156433.5034370422,-0.448961044745952,26.0,0.012855470304840688,0.012773540166327634,1,1
2026-04-17 13:56:00-04:00,25.80500030517578,25.950000762939453,25.68000030517578,25.92530059814453,59632,0.00994548192800182,0.0098963511071807,0.017694870508426202,1545977.5252685547,-0.15801652620184234,26.1200008392334,0.007510047582738544,0.0074819875758103515,1,1
2026-04-17 13:57:00-04:00,25.950000762939453,26.5,25.8700008392334,26.5,113649,0.022167511604343826,0.02192538402984151,0.016833392437643722,3011698.5,0.8133608857660632,25.719999313354492,-0.029433988175302184,-0.02987586031970645,0,-1
2026-04-17 13:58:00-04:00,26.559999465942383,27.5,26.274999618530273,26.514999389648438,91060,0.0005660147037145347,0.0005658545778116853,0.013419029078051165,2414455.8444213867,0.5124558544568976,25.44499969482422,-0.04035450573089405,-0.04119133952273856,0,-1
2026-04-17 13:59:00-04:00,26.514999389648438,27.125,26.514999389648438,26.584999084472656,61788,0.002640003637018662,0.0026365249485719683,0.011880399830356889,1642633.9234313965,-0.029622438640318584,25.568099975585938,-0.03825086115878984,-0.03900163275828507,0,-1
2026-04-17 14:00:00-04:00,26.584999084472656,26.584999084472656,25.799999237060547,26.0,37419,-0.022004856295606667,-0.02225057449707817,0.012437572466922592,972894.0,-0.588450704982557,25.520000457763672,-0.01846152085524344,-0.01863406160744517,0,-1
2026-04-17 14:01:00-04:00,25.8799991607666,26.200000762939453,25.829999923706055,26.1200008392334,24085,0.00461541689359235,0.004604798516663566,0.012253212573087754,629100.2202129364,-0.9813551089841054,25.459999084472656,-0.025268060243297974,-0.025592779368325786,0,-1
2026-04-17 14:02:00-04:00,26.079999923706055,26.1200008392334,25.700000762939453,25.719999313354492,33280,-0.01531399360746133,-0.015432463865675376,0.012394461483175186,855961.5771484375,-0.6368260623851751,25.6299991607666,-0.003499228421097178,-0.0035053650406733834,0,-1
2026-04-17 14:03:00-04:00,25.719999313354492,25.729999542236328,25.389999389648438,25.44499969482422,36155,-0.010692053883045283,-0.010749624625220304,0.012431821593624675,919963.9639663696,-0.5064880309833478,25.575000762939453,0.005109100792863419,0.005096093621894667,1,1
2026-04-17 14:04:00-04:00,25.44499969482422,25.6200008392334,25.329999923706055,25.568099975585938,33998,0.004837896727770685,0.004826231713025272,0.011650789408314946,869264.2629699707,-0.5774583239256234,25.6299991607666,0.00242095365865147,0.002418027871521396,1,1
2026-04-17 14:05:00-04:00,25.56999969482422,25.690000534057617,25.329999923706055,25.520000457763672,34840,-0.0018812316076749491,-0.0018830033462382272,0.011043979228104892,889116.8159484863,-0.5191646688697371,25.350000381469727,-0.006661444876354894,-0.0066837313287293875,0,-1
2026-04-17 14:06:00-04:00,25.40999984741211,25.559999465942383,25.309999465942383,25.459999084472656,24632,-0.002351150948853631,-0.002353919244217187,0.011040381736691382,627130.6974487305,-0.8766442389844824,25.31999969482422,-0.005498797905841957,-0.005513971946600325,0,-1
2026-04-17 14:07:00-04:00,25.510000228881836,25.700000762939453,25.510000228881836,25.6299991607666,26284,0.006677143849452172,0.006654950461976875,0.00920616843844952,673658.8979415894,-0.7571869307092688,25.18000030517578,-0.01755750567013914,-0.017713466895826747,0,-1
2026-04-17 14:08:00-04:00,25.6299991607666,25.649999618530273,25.309999465942383,25.575000762939453,17877,-0.0021458603054242964,-0.002148165962652213,0.009236670605330899,457204.2886390686,-1.0887115003349175,25.135000228881836,-0.017204321444057147,-0.01735403541850538,0,-1
2026-04-17 14:09:00-04:00,25.670000076293945,25.670000076293945,25.43000030517578,25.6299991607666,28128,0.0021504749242020615,0.002148165962652323,0.00923171172292532,720920.616394043,-0.5941107242072031,25.329999923706055,-0.01170500378009276,-0.011774046630212257,0,-1
2026-04-17 14:10:00-04:00,25.639999389648438,25.665000915527344,25.170000076293945,25.350000381469727,49589,-0.010924650349793508,-0.01098476254648921,0.009518732274566986,1257081.1689167023,0.3809636491054794,25.90999984741211,0.022090708383252222,0.02185024359956044,1,1
2026-04-17 14:11:00-04:00,25.459999084472656,25.59000015258789,25.31999969482422,25.31999969482422,18838,-0.0011834590214616636,-0.0011841598620880777,0.009086374729844724,476978.15425109863,-0.965322173019358,26.170000076293945,0.03357031562853763,0.03301913423415585,1,1
2026-04-17 14:12:00-04:00,25.31999969482422,25.31999969482422,25.1299991607666,25.18000030517578,24046,-0.005529201869503009,-0.005544544487249451,0.009082338163973283,605478.2873382568,-0.6848962333611965,26.165000915527344,0.03911837166058718,0.03837263407873549,1,1
2026-04-17 14:13:00-04:00,25.260000228881836,25.260000228881836,25.020000457763672,25.135000228881836,11798,-0.0017871356532388472,-0.0017887344853309043,0.009007337952120057,296542.7327003479,-1.1768812523629741,26.100000381469727,0.038392685251661174,0.03767402269370698,1,1
2026-04-17 14:14:00-04:00,25.100000381469727,25.395000457763672,25.100000381469727,25.329999923706055,22522,0.007758094014264305,0.007728154750945463,0.009113745984761088,570482.2582817078,-0.6741722426119351,26.415000915527344,0.042834622782838894,0.04194260427406726,1,1
2026-04-17 14:15:00-04:00,25.360000610351562,26.0049991607666,25.360000610351562,25.90999984741211,48977,0.02289774676087708,0.022639527683283703,0.009982831854019866,1268994.0625267029,0.5302722476307933,26.059999465942383,0.00578925586312784,0.005772562518445596,1,1
2026-04-17 14:16:00-04:00,25.90999984741211,26.170000076293945,25.829999923706055,26.170000076293945,29945,0.01003474451613351,0.009984730772507349,0.010114392459770158,783660.6522846222,-0.3675636750868707,25.8700008392334,-0.011463478646769332,-0.011529690819028387,0,-1
2026-04-17 14:17:00-04:00,26.110000610351562,26.219999313354492,26.059999465942383,26.165000915527344,33248,-0.0001910263948042834,-0.00019104464266995902,0.009870623253581758,869933.9504394531,-0.20911827279943918,26.040000915527344,-0.004777374187891592,-0.0047888223158373405,0,-1
2026-04-17 14:18:00-04:00,26.165000915527344,26.25,25.73710060119629,26.100000381469727,26940,-0.002484254988848189,-0.0024873458703593603,0.009740471518692975,703134.0102767944,-0.5056380466519577,25.780000686645508,-0.012260524526712668,-0.012336304798490901,0,-1
2026-04-17 14:19:00-04:00,26.079999923706055,26.415000915527344,26.049999237060547,26.415000915527344,40491,0.012068985802822452,0.011996736331305881,0.009937016941108243,1069569.8020706177,0.10587507184390767,25.850000381469727,-0.02138938158148984,-0.021621449564164393,0,-1
2026-04-17 14:20:00-04:00,26.43000030517578,26.540000915527344,25.860000610351562,26.059999465942383,53612,-0.01343938812344625,-0.01353051407233805,0.010311663867041066,1397128.691368103,0.6758137810441933,25.815000534057617,-0.009401340633370059,-0.009445812183821688,0,-1
2026-04-17 14:21:00-04:00,26.075000762939453,26.200000762939453,25.8700008392334,25.8700008392334,20647,-0.00729081468160786,-0.007317522564966827,0.010420166879256048,534137.907327652,-0.8583379827628703,25.81369972229004,-0.0021763090497459725,-0.002178680651803418,0,-1
2026-04-17 14:22:00-04:00,25.959999084472656,26.049999237060547,25.924999237060547,26.040000915527344,14224,0.0065713208650588495,0.006549823860521066,0.010472282824072978,370392.97302246094,-1.0981178298653462,25.540000915527344,-0.01920122820356185,-0.01938796604767262,0,-1
2026-04-17 14:23:00-04:00,26.0,26.030000686645508,25.71500015258789,25.780000686645508,27131,-0.009984647455476892,-0.010034828353012936,0.010462651924727994,699437.1986293793,-0.4886171116822084,25.415000915527344,-0.014158252963400453,-0.0142594372238798,0,-1
2026-04-17 14:24:00-04:00,25.780000686645508,25.860000610351562,25.780000686645508,25.850000381469727,9549,0.002715271255228524,0.00271159156563238,0.010160693854623645,246841.65364265442,-1.2066076369189345,25.3700008392334,-0.018568647394698323,-0.018743209020541912,0,-1
2026-04-17 14:25:00-04:00,25.829999923706055,25.959999084472656,25.780000686645508,25.815000534057617,19963,-0.0013539592609522755,-0.0013548766919954426,0.010014312315609808,515344.8556613922,-0.701213644603492,25.81999969482422,0.00019365332803333857,0.00019363457964802845,1,1
2026-04-17 14:26:00-04:00,25.8700008392334,25.959999084472656,25.780000686645508,25.81369972229004,10008,-5.0389763341707194e-05,-5.0391032948482314e-05,0.00984502166589404,258343.5068206787,-1.0678939628968698,25.920000076293945,0.004117982123737152,0.004109526440969791,1,1
2026-04-17 14:27:00-04:00,25.81999969482422,25.850000381469727,25.47010040283203,25.540000915527344,36474,-0.010602850800435881,-0.010659461535348072,0.009095180502405506,931545.9933929443,0.2886719368280502,25.969999313354492,0.016836271825101168,0.016696112783511186,1,1
2026-04-17 14:28:00-04:00,25.625,25.625,25.25,25.415000915527344,15731,-0.004894283301454583,-0.0049062995292201055,0.009112778635080372,399803.37940216064,-1.0324741695710045,26.065000534057617,0.025575431639396573,0.025253851787547583,1,1
2026-04-17 14:29:00-04:00,25.424999237060547,25.489999771118164,25.299999237060547,25.3700008392334,14463,-0.001770610846858256,-0.001772180231029785,0.009080724853392038,366926.32213783264,-1.1221792587160488,26.020000457763672,0.025620796098874576,0.025298083986175817,1,1
2026-04-17 14:30:00-04:00,25.32029914855957,25.81999969482422,25.31999969482422,25.81999969482422,20180,0.017737439523254572,0.01758196690819449,0.008860413264015413,521047.59384155273,-0.5845820727853116,26.0,0.006971351948228843,0.006947164422342025,1,1
2026-04-17 14:31:00-04:00,25.7549991607666,25.920000076293945,25.75,25.920000076293945,18681,0.0038729815124580735,0.0038655008283732073,0.00884751685430915,484211.5214252472,-0.6936651920171909,26.100000381469727,0.006944456197760962,0.0069204545168328755,1,1
2026-04-17 14:32:00-04:00,25.899999618530273,26.0,25.899999618530273,25.969999313354492,38416,0.0019289829056086116,0.0019271248071932204,0.008375830087388651,997663.4936218262,0.9783939250625558,26.084999084472656,0.004428177672651135,0.004418402141801671,1,1
2026-04-17 14:33:00-04:00,25.989999771118164,26.15999984741211,25.96500015258789,26.065000534057617,36574,0.0036581141014613294,0.0036514394748164277,0.008128409165520264,953301.3295326233,0.819726221019717,26.010000228881836,-0.002110121007053767,-0.0021123504491998885,0,-1
2026-04-17 14:34:00-04:00,26.065000534057617,26.065000534057617,25.940000534057617,26.020000457763672,25592,-0.0017264559897148812,-0.0017279480324017458,0.008104576227386586,665903.8517150879,-0.09018562379906225,26.2549991607666,0.00903146421478307,0.008990924447993322,1,1
2026-04-17 14:35:00-04:00,26.020000457763672,26.06999969482422,25.899999618530273,26.0,23415,-0.0007686570873101095,-0.0007689526556392119,0.008095429794577988,608790.0,-0.24567550949815262,26.104999542236328,0.004038443932166569,0.004030311305554876,1,1
2026-04-17 14:36:00-04:00,25.941200256347656,26.149999618530273,25.941200256347656,26.100000381469727,26067,0.0038461685180664062,0.0038387909228639093,0.008095906923116725,680348.7099437714,-0.02126427660856106,26.264999389648438,0.006321800987246551,0.006301902223369511,1,1
2026-04-17 14:37:00-04:00,26.100000381469727,26.170000076293945,26.020000457763672,26.084999084472656,30402,-0.0005747623286519454,-0.0005749275678377038,0.008023744214327345,793036.1421661377,0.3399051655055714,26.079999923706055,-0.00019164887644473882,-0.00019166724343737325,0,-1
2026-04-17 14:38:00-04:00,26.100000381469727,26.189699172973633,26.010000228881836,26.010000228881836,54247,-0.0028751718697764828,-0.0028793131161851285,0.008033441743247433,1410964.482416153,2.1168669478723325,26.385000228881836,0.014417531591699007,0.0143145872720034,1,1
2026-04-17 14:39:00-04:00,26.010000228881836,26.549999237060547,26.010000228881836,26.2549991607666,43130,0.009419412907683,0.009375326864791403,0.008189489433780669,1132378.1138038635,1.162733262892454,26.44499969482422,0.007236737388342407,0.007210677852810528,1,1
2026-04-17 14:40:00-04:00,26.299999237060547,26.399999618530273,26.104999542236328,26.104999542236328,19020,-0.005713183139400835,-0.005729565798077719,0.007982234282446021,496517.09129333496,-0.6596969533731053,26.059999465942383,-0.0017238106524820607,-0.0017252981237231644,0,-1
2026-04-17 14:41:00-04:00,26.104999542236328,26.31999969482422,26.05120086669922,26.264999389648438,11499,0.006129088305603547,0.0061103818406785535,0.0080250784700745,302021.2279815674,-1.2265129444473135,26.18000030517578,-0.0032362111725826592,-0.0032414590291327773,0,-1
2026-04-17 14:42:00-04:00,26.264999389648438,26.290000915527344,26.079999923706055,26.079999923706055,14813,-0.007043573966930894,-0.007068497034644644,0.008074057409194821,386323.0388698578,-0.924516336326699,25.700000762939453,-0.01457052001066883,-0.014677712545537108,0,-1
2026-04-17 14:43:00-04:00,26.149999618530273,26.489999771118164,26.059999465942383,26.385000228881836,35578,0.011694797011810643,0.01162694139925553,0.008273553916254419,938725.538143158,0.6540842848902216,25.6200008392334,-0.028993723062812227,-0.02942234630677555,0,-1
2026-04-17 14:44:00-04:00,26.3700008392334,26.6200008392334,26.270000457763672,26.44499969482422,43557,0.0022739990684823574,0.002271417445598562,0.008194189530807182,1151864.8517074585,1.205867122246685,25.719999313354492,-0.027415405174371132,-0.027798220305454913,0,-1
2026-04-17 14:45:00-04:00,26.44499969482422,26.44499969482422,26.059999465942383,26.059999465942383,19020,-0.01455852650121936,-0.014665541774611298,0.007679962175986538,495661.1898422241,-0.6557206402228891,25.889999389648438,-0.006523410582418343,-0.006544781014667319,0,-1
2026-04-17 14:46:00-04:00,26.110000610351562,26.200000762939453,26.049999237060547,26.18000030517578,31047,0.0046047905484505325,0.004594220935268996,0.007504000434040099,812810.4694747925,0.3186008162983524,25.700000762939453,-0.018334588870934088,-0.018504750551048964,0,-1
2026-04-17 14:47:00-04:00,26.059999465942383,26.059999465942383,25.59000015258789,25.700000762939453,17062,-0.018334588870934088,-0.018504750551048964,0.008230864272929553,438493.41301727295,-0.7685517462587488,25.764999389648438,0.002529129368848748,0.0025259365034798536,1,1
2026-04-17 14:48:00-04:00,25.700000762939453,25.700000762939453,25.399999618530273,25.6200008392334,28088,-0.003112837405881308,-0.003117692361982873,0.008236656924957503,719614.5835723877,0.1182360158650244,25.709999084472656,0.0035128119551595116,0.003506656442470393,1,1
2026-04-17 14:49:00-04:00,25.65999984741211,25.790000915527344,25.520099639892578,25.719999313354492,14587,0.00390314093854216,0.0038955434469192807,0.007936111220065484,375177.629983902,-0.9086467534465223,25.655000686645508,-0.0025271628477546715,-0.002530361513954241,0,-1
2026-04-17 14:50:00-04:00,25.790000915527344,25.905000686645508,25.75,25.889999389648438,17477,0.006609645444495715,0.0065878975161763245,0.007676810766850558,452479.51933288574,-0.6323135423099214,25.639999389648438,-0.009656238157346508,-0.009703161940840515,0,-1
2026-04-17 14:51:00-04:00,25.829999923706055,25.889999389648438,25.690000534057617,25.700000762939453,36838,-0.007338687956282897,-0.007365748601112647,0.007678353539993679,946736.6281051636,1.0313012303074651,25.469999313354492,-0.008949472480819232,-0.008989759555159677,0,-1
2026-04-17 14:52:00-04:00,25.729999542236328,25.81999969482422,25.729999542236328,25.764999389648438,58753,0.002529129368848748,0.0025259365034798536,0.007590665967908996,1513771.0091400146,2.5249010805108028,25.549999237060547,-0.008344659719816239,-0.008379671301944442,0,-1
2026-04-17 14:53:00-04:00,25.764999389648438,25.764999389648438,25.530000686645508,25.709999084472656,29117,-0.0021346907230231915,-0.00213697242299214,0.007377289939918595,748598.0433425903,0.1938737870844537,25.454999923706055,-0.00991828743084655,-0.009967801310930658,0,-1
2026-04-17 14:54:00-04:00,25.665000915527344,25.760000228881836,25.645000457763672,25.655000686645508,16466,-0.0021391831888615265,-0.002141474509505532,0.0073669256128122826,422435.24130630493,-0.8333599305109591,25.09000015258789,-0.022023017693845737,-0.022269144698563233,0,-1
2026-04-17 14:55:00-04:00,25.655000686645508,25.655000686645508,25.5,25.639999389648438,17076,-0.0005847318883479558,-0.0005849029107099833,0.007364293030341192,437828.6295776367,-0.7727352153885236,25.299999237060547,-0.013260536688045277,-0.013349242670041436,0,-1
2026-04-17 14:56:00-04:00,25.639999389648438,25.639999389648438,25.351699829101562,25.469999313354492,13487,-0.006630268344022583,-0.006652346215431848,0.007456901523501116,343513.88073921204,-1.0802602203933367,25.5,0.001177883292277082,0.0011771901320065097,1,1
2026-04-17 14:57:00-04:00,25.440000534057617,25.75,25.411500930786133,25.549999237060547,11650,0.003140947226649926,0.003136024756695101,0.0072272244832095114,297657.4911117554,-1.1462872995328641,25.56999969482422,0.0007827968047318112,0.0007824905791109333,1,1
2026-04-17 14:58:00-04:00,25.559999465942383,25.559999465942383,25.350000381469727,25.454999923706055,13425,-0.003718172845058043,-0.00372510243197833,0.007202676040768946,341733.3739757538,-0.9933530698949941,25.299999237060547,-0.006089203972110657,-0.006107818779326206,0,-1
2026-04-17 14:59:00-04:00,25.360000610351562,25.454999923706055,25.0674991607666,25.09000015258789,57543,-0.01433902071153581,-0.014442817897138003,0.0076697097320934954,1443753.878780365,2.1985766010844823,25.200000762939453,0.004384241119273824,0.004374658332799594,1,1
2026-04-17 15:00:00-04:00,25.200000762939453,25.399999618530273,25.174999237060547,25.299999237060547,31518,0.008369831932862448,0.008334999117811702,0.007087054399983792,797405.3759536743,0.27207716662763026,25.135000228881836,-0.0065217001246787865,-0.006543059327125469,0,-1
2026-04-17 15:01:00-04:00,25.299999237060547,25.5,25.299999237060547,25.5,101644,0.007905168734016588,0.007874086586616032,0.007212356160525771,2591922.0,3.7279424108390975,25.3799991607666,-0.0047059152640548385,-0.004717022944861171,0,-1
2026-04-17 15:02:00-04:00,25.5,25.65999984741211,25.495100021362305,25.56999969482422,24915,0.0027450860715378944,0.0027413252037994384,0.0072235010569555265,637076.5423965454,-0.273486508156329,25.235000610351562,-0.013101254926509265,-0.013187833389247132,0,-1
2026-04-17 15:03:00-04:00,25.549999237060547,25.56999969482422,25.209999084472656,25.299999237060547,38068,-0.01055926714845934,-0.010615411790415542,0.007406883328080129,963120.3709564209,0.4145417239327456,25.219999313354492,-0.003162052415751404,-0.0031670622672209017,0,-1
2026-04-17 15:04:00-04:00,25.299999237060547,25.389999389648438,25.200000762939453,25.200000762939453,17596,-0.003952508977731917,-0.003960340785012147,0.007425711808113538,443419.2134246826,-0.6418822252534409,25.239999771118164,0.0015872621812589305,0.0015860038120415014,1,1
2026-04-17 15:05:00-04:00,25.219999313354492,25.219999313354492,25.059999465942383,25.135000228881836,31875,-0.0025793861940357488,-0.0025827185421132366,0.007430580349742218,801178.1322956085,0.08828200153272689,25.020000457763672,-0.004575284267792523,-0.0045857829159639775,0,-1
2026-04-17 15:06:00-04:00,25.135000228881836,25.399999618530273,25.030000686645508,25.3799991607666,42509,0.00974732164924541,0.009700122968880374,0.007639787873145009,1078878.3843250275,0.6116910069622589,25.045000076293945,-0.013199333946019576,-0.013287219363664601,0,-1
2026-04-17 15:07:00-04:00,25.389999389648438,25.43000030517578,25.149999618530273,25.235000610351562,36972,-0.005713103042146006,-0.005729485240586416,0.0076892722902976674,932988.442565918,0.31214548399605513,25.190000534057617,-0.0017832405470791235,-0.0017848324132385103,0,-1
2026-04-17 15:08:00-04:00,25.219999313354492,25.280000686645508,25.209999084472656,25.219999313354492,3796,-0.0005944639046656652,-0.000594640668389214,0.007682396693568326,95735.11739349365,-1.3143456657056987,25.079999923706055,-0.005551125831090187,-0.005566590587847088,0,-1
2026-04-17 15:09:00-04:00,25.25,25.280000686645508,25.210500717163086,25.239999771118164,20898,0.0007930395839892412,0.0007927252942501804,0.007437522869354317,527465.5152168274,-0.39627972643755516,24.91189956665039,-0.012999215825794663,-0.013084445046230117,0,-1
2026-04-17 15:10:00-04:00,25.239999771118164,25.25,25.020000457763672,25.020000457763672,27288,-0.008716296170740656,-0.00875450527011877,0.007519499358199505,682745.7724914551,-0.0791267724745045,24.864999771118164,-0.0061950712953489084,-0.006214340372953585,0,-1
2026-04-17 15:11:00-04:00,25.042999267578125,25.299999237060547,25.042999267578125,25.045000076293945,29197,0.0009991853746156298,0.000998686521179591,0.007400061335431238,731238.8672275543,-0.010495916933653964,24.850000381469727,-0.007785973017775838,-0.007816441962322581,0,-1
2026-04-17 15:12:00-04:00,25.045000076293945,25.190000534057617,25.0,25.190000534057617,27186,0.005789597018245551,0.005772901709839681,0.007443235144760138,684815.3545188904,-0.14019389867195034,24.899999618530273,-0.011512541063079973,-0.011579323415101919,0,-1
2026-04-17 15:13:00-04:00,25.219999313354492,25.229999542236328,25.075000762939453,25.079999923706055,18168,-0.004366836364407267,-0.0043763988429976995,0.007058955690499491,455653.4386138916,-0.588715219953852,24.81999969482422,-0.010366835313906031,-0.010420945241794828,0,-1
2026-04-17 15:14:00-04:00,25.059999465942383,25.100000381469727,24.799999237060547,24.91189956665039,39826,-0.006702566091189355,-0.006725129164132903,0.007075902781421604,992141.3121414185,0.5734272886314021,24.989999771118164,0.0031350561710006275,0.0031301521293603386,1,1
2026-04-17 15:15:00-04:00,24.8700008392334,24.969999313354492,24.860000610351562,24.864999771118164,18551,-0.0018826262287525708,-0.0018844005968421667,0.00665892833948276,461270.61075401306,-0.563185407760098,24.889999389648438,0.0010054139859398958,0.0010049088958197646,1,1
2026-04-17 15:16:00-04:00,24.8799991607666,24.959999084472656,24.704999923706055,24.850000381469727,33073,-0.0006032330499299299,-0.0006034150681894946,0.006560040839925084,821864.0626163483,0.2093009972061478,25.049999237060547,0.008048243562199575,0.008016029180676518,1,1
2026-04-17 15:17:00-04:00,24.895000457763672,24.915000915527344,24.850000381469727,24.899999618530273,13342,0.0020120417019322545,0.0020100202570605356,0.005774146940294626,332215.7949104309,-0.833873772221765,25.375,0.01907632083320343,0.01889664921135893,1,1
2026-04-17 15:18:00-04:00,24.950000762939453,24.950000762939453,24.710500717163086,24.81999969482422,20672,-0.0032128483908296923,-0.0032180206696906855,0.005775412258449998,513079.03369140625,-0.42973986135763803,25.299999237060547,0.01933922434078128,0.019154598096862704,1,1
2026-04-17 15:19:00-04:00,24.790000915527344,25.0,24.790000915527344,24.989999771118164,13691,0.006849318226599177,0.00682596820702217,0.005885798572342691,342138.0868663788,-0.7969820275094486,25.184999465942383,0.007803109108051487,0.007772822304304729,1,1
2026-04-17 15:20:00-04:00,24.950000762939453,25.0,24.770000457763672,24.889999389648438,17093,-0.004001615941801706,-0.004009643830382779,0.005733227241332552,425444.75956726074,-0.6160423510526863,25.135000228881836,0.009843344525564346,0.009795214393097702,1,1
2026-04-17 15:21:00-04:00,24.770000457763672,25.049999237060547,24.770000457763672,25.049999237060547,24376,0.006428278478731286,0.006407705216667432,0.0057830832031382385,610618.7814025879,-0.20941353671297946,25.075000762939453,0.0009980649357432814,0.0009975672000894398,1,1
2026-04-17 15:22:00-04:00,25.06999969482422,25.377500534057617,25.05500030517578,25.375,45979,0.012974082748019589,0.012890640287742778,0.006280198311018097,1166717.125,0.9887082240010472,25.06999969482422,-0.012019716460129337,-0.01209253736469648,0,-1
2026-04-17 15:23:00-04:00,25.389999389648438,25.389999389648438,25.139999389648438,25.299999237060547,20118,-0.0029556950912099644,-0.0029600717841869067,0.006289349696899411,508985.3846511841,-0.40798697349563573,25.3700008392334,0.0027668618293992253,0.0027630411131810586,1,1
2026-04-17 15:24:00-04:00,25.264999389648438,25.299999237060547,25.059999465942383,25.184999465942383,27477,-0.004545445635812828,-0.004555807585535744,0.006325943784408761,692008.2303256989,-0.02689475341101929,25.979999542236328,0.031566412275252365,0.03107843563037585,1,1
2026-04-17 15:25:00-04:00,25.135000228881836,25.174999237060547,25.100000381469727,25.135000228881836,18995,-0.001985278464196938,-0.001987251741589747,0.006330882869164013,477439.3293476105,-0.4969795224064357,25.790000915527344,0.026059306969604457,0.02572554914192923,1,1
2026-04-17 15:26:00-04:00,25.135000228881836,25.170000076293945,25.030000686645508,25.075000762939453,40785,-0.002387088338811294,-0.002389941976341036,0.006238996854684369,1022683.9061164856,0.6539500430579379,25.274999618530273,0.007976025902516337,0.007944385539468465,1,1
2026-04-17 15:27:00-04:00,25.100000381469727,25.200000762939453,25.010000228881836,25.06999969482422,46680,-0.00019944438536667608,-0.00019946427704300263,0.006201184812113018,1170267.5857543945,0.916174577004939,25.655000686645508,0.023334702789887363,0.023066611161260953,1,1
2026-04-17 15:28:00-04:00,25.06999969482422,25.399999618530273,24.94499969482422,25.3700008392334,37493,0.011966539611530713,0.011895506693690454,0.006576943537234799,951197.4414653778,0.3686592911743669,25.625,0.010051208211718343,0.010001030767626831,1,1
2026-04-17 15:29:00-04:00,25.3700008392334,25.979999542236328,25.3700008392334,25.979999542236328,17912,0.024044094711246355,0.02375958693165892,0.007358371955028498,465353.7518005371,-0.6760847464489597,25.6299991607666,-0.013471916383244076,-0.013563485990807879,0,-1
2026-04-17 15:30:00-04:00,25.920000076293945,25.979999542236328,25.6200008392334,25.790000915527344,29365,-0.007313265206186692,-0.007340138230036311,0.007387933135678839,757323.3768844604,-0.008859898014430859,25.540000915527344,-0.009693679376703068,-0.00974096894137279,0,-1
2026-04-17 15:31:00-04:00,25.81999969482422,25.889999389648438,25.274999618530273,25.274999618530273,26338,-0.01996902980670323,-0.020171105578801727,0.008173516384654394,665692.9399528503,-0.06310513454256933,25.6299991607666,0.014045481606103083,0.013947757818030326,1,1
2026-04-17 15:32:00-04:00,25.280000686645508,25.670000076293945,25.280000686645508,25.655000686645508,30255,0.015034661675588534,0.01492276134474938,0.008619964380133576,776192.0457744598,0.2889338807358127,25.610000610351562,-0.0017540469728917207,-0.0017555871145339642,0,-1
2026-04-17 15:33:00-04:00,25.6299991607666,25.75,25.350000381469727,25.625,28877,-0.0011693894306198382,-0.001170073699943621,0.008383950825617244,739973.125,0.19154714025446518,25.559999465942383,-0.0025366062071264794,-0.0025398288435113416,0,-1
2026-04-17 15:34:00-04:00,25.75,25.799999237060547,25.56999969482422,25.6299991607666,24153,0.00019508920064792434,0.00019507017322447596,0.008343220428074291,619041.3697299957,-0.286056361414914,25.709999084472656,0.0031213393025979475,0.0031164780362246446,1,1
2026-04-17 15:35:00-04:00,25.69499969482422,25.760000228881836,25.540000915527344,25.540000915527344,11630,-0.0035114415991485126,-0.0035176211806012487,0.008357113660111222,297030.210647583,-1.3917291995846446,25.809999465942383,0.010571595173706205,0.010516106587439424,1,1
2026-04-17 15:36:00-04:00,25.540000915527344,25.649999618530273,25.454999923706055,25.6299991607666,24618,0.003523815270677799,0.0035176211806013627,0.008197969867218623,630959.3193397522,-0.11864397372387507,25.8799991607666,0.00975419462294358,0.0097069295730278,1,1
2026-04-17 15:37:00-04:00,25.6299991607666,25.700000762939453,25.309999465942383,25.610000610351562,27772,-0.0007802790117001912,-0.0007805835878147805,0.00812133533750867,711240.9369506836,0.22568970321473805,25.989999771118164,0.014837920800868876,0.014728915802882218,1,1
2026-04-17 15:38:00-04:00,25.53499984741211,25.6200008392334,25.34000015258789,25.559999465942383,19219,-0.0019524069979509617,-0.001954315428921013,0.008131394612621617,491237.62973594666,-0.74194116676669,25.9950008392334,0.01701883342644961,0.016875635505033834,1,1
2026-04-17 15:39:00-04:00,25.344999313354492,25.709999084472656,25.31999969482422,25.709999084472656,22852,0.005868529799077038,0.005851377052960608,0.00819105661043859,587524.8990783691,-0.3547143049261369,25.969999313354492,0.010112805839766148,0.01006201356668517,1,1
2026-04-17 15:40:00-04:00,25.71500015258789,25.850000381469727,25.6200008392334,25.809999465942383,26901,0.003889552120992512,0.003882007370613366,0.008015656818514695,694314.795633316,0.08898678303570064,26.06999969482422,0.01007362395434841,0.01002322320076172,1,1
2026-04-17 15:41:00-04:00,25.80500030517578,25.8799991607666,25.80500030517578,25.8799991607666,15232,0.0027121153147091626,0.0027084441661897486,0.008021456936440565,394204.1472167969,-1.1119622430618943,26.55500030517578,0.026081961603478865,0.02574762816175332,1,1
2026-04-17 15:42:00-04:00,25.889999389648438,26.0,25.889999389648438,25.989999771118164,49320,0.004250410120504089,0.004241402642039536,0.007995478856347516,1281826.7887115479,2.230092329167014,26.354999542236328,0.014043854341383222,0.013946153091166456,1,1
2026-04-17 15:43:00-04:00,26.0,26.0,25.989999771118164,25.9950008392334,34790,0.00019242278411990554,0.0001924042732305545,0.007931970034245684,904366.0791969299,0.7657132601104779,26.0,0.00019231239104477993,0.00019229390138739407,1,1
2026-04-17 15:44:00-04:00,26.0,26.0,25.950000762939453,25.969999313354492,31588,-0.000961782076235651,-0.0009622448853882296,0.0078022827536952215,820340.3383102417,0.4931175774408715,26.1200008392334,0.005775954171926889,0.005759337303439105,1,1
2026-04-17 15:45:00-04:00,26.0,26.100000381469727,25.950000762939453,26.06999969482422,55554,0.0038506116331817886,0.003843217004689926,0.0077895497544621045,1448292.7630462646,2.468508896063425,26.75,0.026083633031679154,0.025749257102619164,1,1
2026-04-17 15:46:00-04:00,26.06999969482422,26.600000381469727,26.041799545288086,26.55500030517578,73346,0.01860378273989216,0.018432849127181506,0.008360217359489561,1947703.0523834229,3.166296557295474,26.670000076293945,0.00433062586317301,0.004321275688010303,1,1
2026-04-17 15:47:00-04:00,26.399999618530273,26.59000015258789,26.190000534057617,26.354999542236328,32331,-0.007531566960685465,-0.007560072428547367,0.008548651232650806,852083.4902000427,0.18237519833036223,26.68000030517578,0.01233165504019862,0.01225623954776489,1,1
2026-04-17 15:48:00-04:00,26.309999465942383,26.329999923706055,25.924999237060547,26.0,36792,-0.013469912669412443,-0.0135614549165485,0.008960555831850476,956592.0,0.4724213332042976,26.799999237060547,0.030769201425405734,0.030305321027438586,1,1
2026-04-17 15:49:00-04:00,26.0,26.290000915527344,26.0,26.1200008392334,42052,0.00461541689359235,0.004604798516663566,0.008924547475905232,1098398.2752914429,0.8033856836349573,26.795000076293945,0.02584223642315764,0.02551396925598823,1,1
2026-04-17 15:50:00-04:00,26.1200008392334,27.25,26.094999313354492,26.75,71555,0.02411941579344501,0.023833136803870097,0.009744650970316491,1914096.25,2.569113440455602,25.959999084472656,-0.029532744505695097,-0.029977616772973767,0,-1
2026-04-17 15:51:00-04:00,26.75,26.789899826049805,26.670000076293945,26.670000076293945,29087,-0.002990651353497409,-0.0029951322874273286,0.009762578020037143,775750.292219162,-0.2832813054561845,26.260000228881836,-0.015373072599896398,-0.015492463463950511,0,-1
2026-04-17 15:52:00-04:00,26.670000076293945,26.68000030517578,26.639999389648438,26.68000030517578,48983,0.0003749617117820847,0.00037489143120723433,0.009550171527482379,1306866.4549484253,1.0402407638343492,26.360000610351562,-0.011993991422936445,-0.012066499697029479,0,-1
2026-04-17 15:53:00-04:00,26.68000030517578,27.09000015258789,26.674999237060547,26.799999237060547,52447,0.004497711038687235,0.004487626563125119,0.009522378905097327,1405579.5599861145,1.1858484757222236,25.954999923706055,-0.031529826022755225,-0.032037592709198245,0,-1
2026-04-17 15:54:00-04:00,26.854999542236328,27.209999084472656,26.760000228881836,26.795000076293945,40016,-0.0001865358548103213,-0.00018655325478673284,0.009453080444987315,1072228.7230529785,0.33840055245296796,26.155000686645508,-0.023885030334993673,-0.024174902718625064,0,-1
2026-04-17 15:55:00-04:00,26.975000381469727,26.975000381469727,25.790000915527344,25.959999084472656,125646,-0.03116256724925448,-0.031658449225092,0.011269425497644444,3261770.0449676514,3.9352792306219833,,,,0,0
2026-04-17 15:56:00-04:00,25.959999084472656,26.299999237060547,25.959999084472656,26.260000228881836,78045,0.01155628486091187,0.011490021021595869,0.011406292111318302,2049461.717863083,1.645467464497038,,,,0,0
2026-04-17 15:57:00-04:00,26.260000228881836,26.510000228881836,26.225000381469727,26.360000610351562,55619,0.0038080876084587434,0.003800855198128415,0.011408648162782201,1466116.8739471436,0.666200169275774,,,,0,0
2026-04-17 15:58:00-04:00,26.360000610351562,26.360000610351562,25.899999618530273,25.954999923706055,59855,-0.01536421385690201,-0.015483466449043842,0.0116550895115682,1553536.520433426,0.8056898276543693,,,,0,0
2026-04-17 15:59:00-04:00,25.954999923706055,26.5,25.81999969482422,26.155000686645508,141205,0.007705673801862822,0.007676136735786497,0.010906527998204437,3693216.871957779,3.256363355138735,,,,0,0
