minute,bullish_count,bearish_count,unlabeled_count,total_count,bullish_count_5m,bearish_count_5m,unlabeled_count_5m,message_count_5m,net_sentiment,bullish_share,sentiment_change,abnormal_density,labeled_message_count,labeled_fraction,open,high,low,close,volume,one_min_return,log_return_1m,trailing_volatility,dollar_volume,volume_zscore_30m,future_close,forward_return,log_forward_return,direction_5m,direction_3class_5m
2026-04-02 12:30:00-04:00,1,0,0,1,1.0,0.0,0.0,1.0,0.5,0.5,0.0,,1.0,0.999999000001,176.1199951171875,176.16000366210938,175.97000122070312,176.0010986328125,217191,-0.0007034854063164842,-0.0007037329682858984,0.0007158597277517327,38225854.61315918,0.14272321953535602,176.33999633789062,0.0019255431228026865,0.0019236916410015146,1,1
2026-04-02 12:31:00-04:00,0,0,0,0,1.0,0.0,0.0,1.0,0.5,0.5,0.0,,1.0,0.999999000001,175.98500061035156,176.19500732421875,175.97000122070312,176.14999389648438,203744,0.0008459905354483155,0.0008456328871524495,0.0006896228123332714,35889504.35644531,-0.044365407823693505,176.11000061035156,-0.00022704108724702632,-0.00022706686497648513,0,-1
2026-04-02 12:32:00-04:00,0,1,1,2,1.0,1.0,1.0,3.0,0.0,0.3333333333333333,-0.5,,2.0,0.6666664444445185,176.14999389648438,176.40989685058594,176.14010620117188,176.3800048828125,199509,0.0013057677791534772,0.001304916005805108,0.0007180857040725192,35189398.39416504,-0.09553972195887644,176.00010681152344,-0.0021538613265231765,-0.0021561842218924894,0,-1
2026-04-02 12:33:00-04:00,0,0,1,1,1.0,1.0,2.0,4.0,0.0,0.3333333333333333,0.0,,2.0,0.4999998750000312,176.33999633789062,176.47999572753906,176.30999755859375,176.40499877929688,189252,0.00014170481796371703,0.00014169477878438883,0.0007113230320206881,33384998.828979492,-0.2974803087835789,176.0800018310547,-0.0018423341202977728,-0.0018440333051013306,0,-1
2026-04-02 12:34:00-04:00,0,0,1,1,1.0,1.0,3.0,5.0,0.0,0.3333333333333333,0.0,,2.0,0.399999920000016,176.41000366210938,176.4199981689453,176.32000732421875,176.38999938964844,145306,-8.502814405619841e-05,-8.503175915376404e-05,0.0006933675263820979,25630525.251312256,-0.9517029878345366,176.2050018310547,-0.0010487984536191597,-0.0010493488275718692,0,-1
2026-04-02 12:35:00-04:00,0,0,0,0,0.0,1.0,3.0,4.0,-0.5,0.0,-0.5,3.999996000004,1.0,0.2499999375000156,176.39999389648438,176.5,176.27999877929688,176.33999633789062,198745,-0.0002834800835128659,-0.000283520271586932,0.0006954863002232443,35046692.57217407,-0.08096092501797165,176.5500030517578,0.0011909193502805948,0.0011902107683513159,1,1
2026-04-02 12:36:00-04:00,0,0,0,0,0.0,1.0,3.0,4.0,-0.5,0.0,0.0,4.799994240006912,1.0,0.2499999375000156,176.3300018310547,176.36500549316406,175.77000427246094,176.11000061035156,431661,-0.001304274312779019,-0.001305125618825423,0.0007330831938755515,76019818.97346497,2.9874385532279013,176.42999267578125,0.0018170011034051026,0.0018153523537846863,1,1
2026-04-02 12:37:00-04:00,0,0,0,0,0.0,0.0,2.0,2.0,0.0,0.0,0.5,2.799996080005488,0.0,0.0,176.11500549316406,176.14999389648438,175.88999938964844,176.00010681152344,180325,-0.0006240065779754556,-0.0006242013511108272,0.0007353154796764411,31737219.260787964,-0.42184273488917745,176.4250030517578,0.0024141817180223235,0.00241127226303302,1,1
2026-04-02 12:38:00-04:00,1,0,0,1,1.0,0.0,1.0,2.0,0.5,0.5,0.5,3.199994880008192,1.0,0.499999750000125,176.00999450683594,176.08999633789062,175.77000427246094,176.0800018310547,311830,0.000453948699115303,0.00045384569557562507,0.0007107848995252975,54907026.97097778,1.5265019099266859,176.4199981689453,0.0019309196635337589,0.0019290578344698926,1,1
2026-04-02 12:39:00-04:00,1,0,0,1,2.0,0.0,0.0,2.0,0.6666666666666666,0.6666666666666666,0.1666666666666666,2.99999550000675,2.0,0.99999950000025,176.08999633789062,176.25,176.07000732421875,176.2050018310547,166046,0.0007099045814409344,0.0007096527183756726,0.0006949617091225135,29258135.734039307,-0.5805146523870729,176.4801025390625,0.0015612536826370427,0.0015600361931481688,1,1
2026-04-02 12:40:00-04:00,0,0,0,0,2.0,0.0,0.0,2.0,0.6666666666666666,0.6666666666666666,0.0,2.857138775516035,2.0,0.99999950000025,176.19000244140625,176.8300018310547,176.16000366210938,176.5500030517578,510226,0.0019579536171958623,0.0019560393243361284,0.000768717840380674,90080401.85708618,3.394449722614262,176.60989379882812,0.0003392282414900194,0.0003391707165991179,1,1
2026-04-02 12:41:00-04:00,0,0,0,0,2.0,0.0,0.0,2.0,0.6666666666666666,0.6666666666666666,0.0,3.1428522040893934,2.0,0.99999950000025,176.52499389648438,176.5399932861328,176.3300018310547,176.42999267578125,225776,-0.0006797528966419053,-0.0006799840333920042,0.000781746963371067,39833658.02636719,0.11421798343063552,176.5500030517578,0.0006802152749454393,0.000679984033392054,1,1
2026-04-02 12:42:00-04:00,0,0,0,0,2.0,0.0,0.0,2.0,0.6666666666666666,0.6666666666666666,0.0,3.428565551030484,2.0,0.99999950000025,176.41029357910156,176.468505859375,176.3699951171875,176.4250030517578,120950,-2.8281041946187635e-05,-2.8281441862394465e-05,0.0007750871055158122,21338604.119110107,-1.0482996000049014,176.5,0.00042509251492073297,0.0004250021886947073,1,1
2026-04-02 12:43:00-04:00,0,0,1,1,1.0,0.0,1.0,2.0,0.5,0.5,-0.1666666666666666,3.714278816339341,1.0,0.499999750000125,176.42909240722656,176.43499755859375,176.36000061035156,176.4199981689453,136655,-2.8368330598937952e-05,-2.8368732987638518e-05,0.0007661966593031731,24108674.84977722,-0.8246417286134226,176.3800048828125,-0.0002266936092727434,-0.00022671930815290725,0,-1
2026-04-02 12:44:00-04:00,1,0,2,3,1.0,0.0,3.0,4.0,0.5,0.5,0.0,6.999987750021438,1.0,0.2499999375000156,176.4199981689453,176.6199951171875,176.41000366210938,176.4801025390625,175737,0.00034068909840723194,0.00034063107705413275,0.0007595366273260352,31014083.779907227,-0.3786908357246495,176.4600067138672,-0.00011387020353115229,-0.00011387668723498353,0,-1
2026-04-02 12:45:00-04:00,0,0,2,2,1.0,0.0,5.0,6.0,0.5,0.5,0.0,8.181807024808602,1.0,0.1666666388888935,176.5,176.6300048828125,176.4600067138672,176.60989379882812,196026,0.0007354441543170331,0.0007351738477870926,0.000769282472381515,34620131.04180908,-0.16714137641867524,176.50999450683594,-0.0005656494652898081,-0.0005658095053024767,0,-1
2026-04-02 12:46:00-04:00,0,0,1,1,1.0,0.0,6.0,7.0,0.5,0.5,0.0,8.61537401184737,1.0,0.1428571224489825,176.58999633789062,176.60000610351562,176.50999450683594,176.5500030517578,97375,-0.0003391132047139145,-0.0003391707165991141,0.0007731215713111105,17191556.547164917,-1.2042314517707464,176.4604949951172,-0.0005069841693199351,-0.0005071127292476407,0,-1
2026-04-02 12:47:00-04:00,2,0,0,2,3.0,0.0,6.0,9.0,0.75,0.75,0.25,10.92855815817938,3.0,0.3333332962963004,176.55499267578125,176.55499267578125,176.39999389648438,176.5,119373,-0.00028322317130269337,-0.00028326328655963373,0.0007753515586897028,21069334.5,-0.9456048590624863,176.38999938964844,-0.0006232329198389008,-0.0006234272102047149,0,-1
2026-04-02 12:48:00-04:00,0,0,0,0,3.0,0.0,5.0,8.0,0.75,0.75,0.0,8.99998987501139,3.0,0.3749999531250059,176.48500061035156,176.49000549316406,176.36000061035156,176.3800048828125,104449,-0.0006798590208924038,-0.0006800902298354779,0.0007864557373120692,18422715.130004883,-1.0767867865951155,176.49000549316406,0.000623656918620874,0.0006234625254636947,1,1
2026-04-02 12:49:00-04:00,0,0,1,1,2.0,0.0,4.0,6.0,0.6666666666666666,0.6666666666666666,-0.0833333333333333,7.124991539072547,2.0,0.333333277777787,176.38999938964844,176.5,176.38999938964844,176.4600067138672,102383,0.00045357653271316245,0.0004534736979720902,0.0007058506913454853,18066504.867385864,-1.0287109814458015,176.57000732421875,0.0006233741707259988,0.0006231799537566713,1,1
2026-04-02 12:50:00-04:00,1,0,1,2,3.0,0.0,3.0,6.0,0.75,0.75,0.0833333333333333,7.058815224923265,3.0,0.4999999166666805,176.46009826660156,176.5500030517578,176.42999267578125,176.50999450683594,117323,0.0002832811462474272,0.0002832410297195094,0.0007058417837743062,20708682.085525513,-0.8131976337932939,176.5500030517578,0.00022666447321384453,0.00022663878870323996,1,1
2026-04-02 12:51:00-04:00,0,0,0,0,3.0,0.0,2.0,5.0,0.75,0.75,0.0,5.526309681447194,3.0,0.599999880000024,176.5050048828125,176.50999450683594,176.33999633789062,176.4604949951172,100262,-0.0002804346114056999,-0.00028047394054434336,0.0007037023013419245,17692282.14920044,-0.9530658390485072,176.49000549316406,0.00016723572065058256,0.00016722173831632724,1,1
2026-04-02 12:52:00-04:00,0,0,1,1,1.0,0.0,3.0,4.0,0.5,0.5,-0.25,4.6315735844937445,1.0,0.2499999375000156,176.5,176.52479553222656,176.38999938964844,176.38999938964844,117458,-0.0003994979469523763,-0.00039957776751666147,0.0007063959405560438,20718416.548309326,-0.7775096166093919,176.47999572753906,0.0005102122467375292,0.0005100821327244628,1,1
2026-04-02 12:53:00-04:00,1,0,0,1,2.0,0.0,3.0,5.0,0.6666666666666666,0.6666666666666666,0.1666666666666666,5.749993387507605,2.0,0.399999920000016,176.38999938964844,176.50999450683594,176.36000061035156,176.49000549316406,102905,0.0005669601670257318,0.0005667995058330312,0.0007050454124245854,18161704.015274048,-0.8880706873309975,176.48500061035156,-2.8357882354335118e-05,-2.8358284446682607e-05,0,-1
2026-04-02 12:54:00-04:00,0,0,0,0,2.0,0.0,2.0,4.0,0.6666666666666666,0.6666666666666666,0.0,4.571423346944746,2.0,0.4999998750000312,176.4949951171875,176.6300048828125,176.47500610351562,176.57000732421875,173283,0.0004532938328782876,0.0004531911262651689,0.0006998677286312194,30596580.579162598,-0.17061168898173848,176.39999389648438,-0.0009628669688063196,-0.000963330822983276,0,-1
2026-04-02 12:55:00-04:00,0,0,0,0,1.0,0.0,1.0,2.0,0.5,0.5,-0.1666666666666666,2.380949546488635,1.0,0.499999750000125,176.5749969482422,176.5800018310547,176.49000549316406,176.5500030517578,106105,-0.00011329371711588099,-0.00011330013533381705,0.0007011754527872885,18732838.073806763,-0.8549082316749512,176.25,-0.00169925260023851,-0.0017006979675330425,0,-1
2026-04-02 12:56:00-04:00,0,0,0,0,1.0,0.0,1.0,2.0,0.5,0.5,0.0,2.476187410434634,1.0,0.499999750000125,176.54010009765625,176.54010009765625,176.44000244140625,176.49000549316406,102210,-0.00033983323453223857,-0.0003398909909312848,0.0006841292055777342,18039043.4614563,-0.8379298985154461,176.29319763183594,-0.0011151218494112047,-0.0011157440603844326,0,-1
2026-04-02 12:57:00-04:00,1,0,0,1,2.0,0.0,0.0,2.0,0.6666666666666666,0.6666666666666666,0.1666666666666666,2.571425265310373,2.0,0.99999950000025,176.48109436035156,176.55999755859375,176.4600067138672,176.47999572753906,117953,-5.671576470878126e-05,-5.6717373108579215e-05,0.000679982393228682,20816344.936050415,-0.6339517492544001,176.28359985351562,-0.001112850627708828,-0.0011134703057506829,0,-1
2026-04-02 12:58:00-04:00,0,0,1,1,1.0,0.0,1.0,2.0,0.5,0.5,-0.1666666666666666,2.545451305789247,1.0,0.499999750000125,176.47000122070312,176.5500030517578,176.3800048828125,176.48500061035156,149372,2.8359490784612973e-05,2.835908866185684e-05,0.0006732261750092387,26361917.511169434,-0.2822281068204837,176.4499969482422,-0.00019833788700640564,-0.0001983575585662368,0,-1
2026-04-02 12:59:00-04:00,0,0,0,0,1.0,0.0,1.0,2.0,0.5,0.5,0.0,2.5217359508546706,1.0,0.499999750000125,176.48500061035156,176.5399932861328,176.3800048828125,176.39999389648438,150000,-0.00048166537424254585,-0.00048178141227141435,0.0006633762790740634,26459999.084472656,-0.27049847170642544,176.41000366210938,5.674470505301343e-05,5.674309513314032e-05,1,1
2026-04-02 13:00:00-04:00,0,0,1,1,1.0,0.0,2.0,3.0,0.5,0.5,0.0,3.913038374297772,1.0,0.3333332222222592,176.39999389648438,176.39999389648438,176.23599243164062,176.25,218718,-0.0008503055650466163,-0.0008506672798835526,0.0006696610605142456,38549047.5,0.45360111932336034,176.47000122070312,0.001248233876329774,0.001247455480104457,1,1
2026-04-02 13:01:00-04:00,1,0,0,1,2.0,0.0,2.0,4.0,0.6666666666666666,0.6666666666666666,0.1666666666666666,5.166659993064176,2.0,0.4999998750000312,176.25,176.4199981689453,176.2100067138672,176.29319763183594,128737,0.00024509294658692227,0.0002450629162174099,0.000653754463641675,22695457.383529663,-0.46770206167827677,176.44000244140625,0.0008327309932678606,0.0008323844651773962,1,1
2026-04-02 13:02:00-04:00,1,0,0,1,2.0,0.0,2.0,4.0,0.6666666666666666,0.6666666666666666,0.0,5.1199934464083885,2.0,0.4999998750000312,176.3000030517578,176.33009338378906,176.25999450683594,176.28359985351562,107517,-5.4442136447896416e-05,-5.444361847479697e-05,0.000607614307913677,18953483.80545044,-0.654508100671016,176.45799255371094,0.000989273536166957,0.0009887845275845363,1,1
2026-04-02 13:03:00-04:00,0,0,2,2,2.0,0.0,3.0,5.0,0.6666666666666666,0.6666666666666666,0.0,6.346145791430342,2.0,0.399999920000016,176.2899932861328,176.4600067138672,176.2899932861328,176.4499969482422,146870,0.0009439170454019763,0.0009434718358462421,0.0006320332868149491,25915211.05178833,-0.22833791574089274,176.3300018310547,-0.0006800516818523672,-0.0006802830218854272,0,-1
2026-04-02 13:04:00-04:00,1,0,0,1,3.0,0.0,3.0,6.0,0.75,0.75,0.0833333333333333,7.285705438786253,3.0,0.4999999166666805,176.4600067138672,176.47000122070312,176.3903045654297,176.41000366210938,117169,-0.00022665506843022598,-0.00022668075857218913,0.0006332839878393866,20669783.719085693,-0.5268680649523555,176.4499969482422,0.0002267064525967033,0.00022668075857213956,1,1
2026-04-02 13:05:00-04:00,0,0,1,1,3.0,0.0,3.0,6.0,0.75,0.75,0.0,7.241370570759655,3.0,0.4999999166666805,176.41000366210938,176.52000427246094,176.3300018310547,176.47000122070312,135535,0.0003401029269782807,0.0003400451050877024,0.0006337621983184568,23917861.615447998,-0.31377710441681894,176.35670471191406,-0.0006420156854159975,-0.0006422218657382145,0,-1
2026-04-02 13:06:00-04:00,0,0,0,0,2.0,0.0,3.0,5.0,0.6666666666666666,0.6666666666666666,-0.0833333333333333,5.99999280000864,2.0,0.399999920000016,176.47000122070312,176.49000549316406,176.3800048828125,176.44000244140625,159944,-0.00016999364815184492,-0.0001700080987097428,0.0005835329862704689,28220519.75048828,0.04063625021321229,176.39999389648438,-0.00022675438884767196,-0.00022678010151114912,0,-1
2026-04-02 13:07:00-04:00,0,0,1,1,1.0,0.0,4.0,5.0,0.5,0.5,-0.1666666666666666,6.166659061120491,1.0,0.199999960000008,176.44000244140625,176.49000549316406,176.4199981689453,176.45799255371094,122939,0.0001019616416670921,0.00010195644393221642,0.0005689486353712267,21693569.14656067,-0.3875298966949004,176.47999572753906,0.00012469355176092378,0.0001246857781662031,1,1
2026-04-02 13:08:00-04:00,0,0,0,0,1.0,0.0,2.0,3.0,0.5,0.5,0.0,3.6774148470398647,1.0,0.3333332222222592,176.4499969482422,176.4499969482422,176.2899932861328,176.3300018310547,166953,-0.0007253325327118976,-0.0007255957136235495,0.0005832671408393636,29438822.795700073,0.22331313865133226,176.66009521484375,0.0018720205317375171,0.0018702704850437411,1,1
2026-04-02 13:09:00-04:00,1,0,0,1,1.0,0.0,2.0,3.0,0.5,0.5,0.0,3.77418880021409,1.0,0.3333332222222592,176.32000732421875,176.47000122070312,176.3199005126953,176.4499969482422,75361,0.000680514466860016,0.0006802830218853632,0.00058214062208046,13297448.22001648,-0.9212954147218784,176.69500732421875,0.0013885541525309186,0.001387591002701035,1,1
2026-04-02 13:10:00-04:00,1,0,2,3,2.0,0.0,3.0,5.0,0.6666666666666666,0.6666666666666666,0.1666666666666666,6.249992187509765,2.0,0.399999920000016,176.4499969482422,176.5,176.33999633789062,176.35670471191406,101456,-0.0005287176987341935,-0.0005288575192225541,0.00046630215154672264,17892445.833251953,-0.8655150740242702,176.70509338378906,0.001975477328429953,0.0019735286390647803,1,1
2026-04-02 13:11:00-04:00,0,0,0,0,2.0,0.0,3.0,5.0,0.6666666666666666,0.6666666666666666,0.0,5.857135995926405,2.0,0.399999920000016,176.36700439453125,176.42999267578125,176.3300018310547,176.39999389648438,105845,0.0002454637868236631,0.000245433665517368,0.0004526774805643189,18671057.35397339,-0.7177644656061714,176.75,0.0019841616532085826,0.0019821958044205627,1,1
2026-04-02 13:12:00-04:00,1,0,1,2,3.0,0.0,3.0,6.0,0.75,0.75,0.0833333333333333,7.199991360010367,3.0,0.4999999166666805,176.38999938964844,176.5,176.35009765625,176.47999572753906,104439,0.0004535251350497038,0.00045342232360951655,0.0004603262821389114,18431394.273788452,-0.7376225345046413,176.6750030517578,0.0011049825982534234,0.0011043725543327897,1,1
2026-04-02 13:13:00-04:00,1,0,0,1,4.0,0.0,3.0,7.0,0.8,0.8,0.05,8.135125680799884,4.0,0.57142848979593,176.47500610351562,176.6699981689453,176.4499969482422,176.66009521484375,184642,0.001020509358934607,0.0010199889932540444,0.0004957148808359645,32618873.30065918,1.5805660274915416,176.6699981689453,5.605654230800283e-05,5.6054971198748765e-05,1,1
2026-04-02 13:14:00-04:00,0,0,1,1,3.0,0.0,4.0,7.0,0.75,0.75,-0.05,8.105253772864051,3.0,0.4285713673469475,176.6649932861328,176.77999877929688,176.63999938964844,176.69500732421875,244574,0.00019762306440829214,0.00019760353954283256,0.0004934595589491876,43215004.72131348,2.838621524233193,176.72500610351562,0.0001697771756608013,0.00016976276514714143,1,1
2026-04-02 13:15:00-04:00,0,0,1,1,2.0,0.0,3.0,5.0,0.6666666666666666,0.6666666666666666,-0.0833333333333333,5.769224112433716,2.0,0.399999920000016,176.68499755859375,176.7899932861328,176.65499877929688,176.70509338378906,175480,5.708174624197149e-05,5.708011714108879e-05,0.00047575833115267164,31008209.786987305,1.1327619951925774,176.7100067138672,2.7805254415813607e-05,2.7804867856892606e-05,1,1
2026-04-02 13:16:00-04:00,0,0,0,0,2.0,0.0,3.0,5.0,0.6666666666666666,0.6666666666666666,0.0,5.749993387507605,2.0,0.399999920000016,176.7100067138672,176.9199981689453,176.69000244140625,176.75,210351,0.00025413311722366494,0.00025410083087293485,0.00047272204312648493,37179539.25,1.8459257862381417,176.73500061035156,-8.486217622882819e-05,-8.486577722703247e-05,0,-1
2026-04-02 13:17:00-04:00,0,0,1,1,1.0,0.0,3.0,4.0,0.5,0.5,-0.1666666666666666,4.699994477506489,1.0,0.2499999375000156,176.74000549316406,176.75999450683594,176.6199951171875,176.6750030517578,135525,-0.0004243108811439189,-0.0004244009264782251,0.0004767123246942891,23943879.788589478,-0.01652898251494826,176.6699981689453,-2.832818862907871e-05,-2.8328589879792033e-05,0,-1
2026-04-02 13:18:00-04:00,0,0,0,0,0.0,0.0,3.0,3.0,0.0,0.0,-0.5,3.5121910101178417,0.0,0.0,176.67149353027344,176.72000122070312,176.625,176.6699981689453,125295,-2.832818862907871e-05,-2.8328589879792033e-05,0.0004575588779079942,22135867.420578003,-0.29007450810716123,176.75,0.0004528320138328379,0.0004527295163580532,1,1
2026-04-02 13:19:00-04:00,0,0,0,0,0.0,0.0,2.0,2.0,0.0,0.0,0.0,2.3902410458094816,0.0,0.0,176.6699981689453,176.74000549316406,176.64999389648438,176.72500610351562,119065,0.0003113597958930292,0.0003113113334910147,0.00045400956526372906,21041762.851715088,-0.4643336186697716,176.72500610351562,0.0,0.0,0,0
2026-04-02 13:20:00-04:00,0,0,0,0,0.0,0.0,1.0,1.0,0.0,0.0,0.0,1.2195107079137708,0.0,0.0,176.72000122070312,176.75999450683594,176.66009521484375,176.7100067138672,110319,-8.487417813218823e-05,-8.487778014905863e-05,0.0004524608897365011,19494471.230667114,-0.6769617240080025,176.76499938964844,0.00031120295224873473,0.0003111545386540325,1,1
2026-04-02 13:21:00-04:00,0,0,0,0,0.0,0.0,1.0,1.0,0.0,0.0,0.0,1.243900891733037,0.0,0.0,176.7050018310547,176.77999877929688,176.66000366210938,176.73500061035156,92211,0.00014144018750927856,0.0001414301857890429,0.0004487705154389144,16296911.141281128,-1.1180665552338795,176.75,8.486937842899778e-05,8.486577722705338e-05,1,1
2026-04-02 13:22:00-04:00,0,0,1,1,0.0,0.0,1.0,1.0,0.0,0.0,0.0,1.2682910743625395,0.0,0.0,176.73500061035156,176.7397003173828,176.60000610351562,176.6699981689453,124971,-0.0003677960855618112,-0.00036786373913107564,0.0004477066333959168,22078626.341171265,-0.30624811515869277,176.78990173339844,0.0006786866230590327,0.0006784564194443936,1,1
2026-04-02 13:23:00-04:00,0,0,0,0,0.0,0.0,1.0,1.0,0.0,0.0,0.0,1.261903169503143,0.0,0.0,176.65499877929688,176.77999877929688,176.64999389648438,176.75,116968,0.0004528320138328379,0.0004527295163580532,0.0004436574564111761,20674094.0,-0.5229492965677669,176.80999755859375,0.0003394487049150907,0.00033939110523784505,1,1
2026-04-02 13:24:00-04:00,0,0,1,1,0.0,0.0,2.0,2.0,0.0,0.0,0.0,2.571425265310373,0.0,0.0,176.75999450683594,176.7899932861328,176.69000244140625,176.72500610351562,114212,-0.0001414081837871617,-0.00014141818286702828,0.0004382296281407549,20184116.397094727,-0.5479024572636644,176.77499389648438,0.00028285636577929374,0.0002828163694594275,1,1
2026-04-02 13:25:00-04:00,0,0,0,0,0.0,0.0,2.0,2.0,0.0,0.0,0.0,2.558136262848966,0.0,0.0,176.7299041748047,176.80499267578125,176.7100067138672,176.76499938964844,123831,0.0002263023610218351,0.0002262767585050669,0.00043880588200638265,21888986.639419556,-0.32029705270405934,176.74000549316406,-0.00014139618459918513,-0.00014140618198210038,0,-1
2026-04-02 13:26:00-04:00,0,0,0,0,0.0,0.0,2.0,2.0,0.0,0.0,0.0,2.604647770691275,0.0,0.0,176.76010131835938,176.82000732421875,176.74600219726562,176.75,126648,-8.485497525090313e-05,-8.485857563799083e-05,0.0004336207809581405,22385034.0,-0.2721863897370463,176.74000549316406,-5.65460075583335e-05,-5.654760634408915e-05,0,-1
2026-04-02 13:27:00-04:00,0,0,0,0,0.0,0.0,1.0,1.0,0.0,0.0,0.0,1.3255796381851308,0.0,0.0,176.7550048828125,176.8000030517578,176.7301025390625,176.78990173339844,91128,0.00022575238132072073,0.00022572690308632733,0.0004343104256605461,16110510.165161133,-1.151211455846731,176.71499633789062,-0.00042369725178514894,-0.0004237870368277469,0,-1
2026-04-02 13:28:00-04:00,0,0,0,0,0.0,0.0,1.0,1.0,0.0,0.0,0.0,1.3488353899429624,0.0,0.0,176.77499389648438,176.8300018310547,176.71800231933594,176.80999755859375,107753,0.00011367066217182753,0.00011366420215164678,0.00043438564305418246,19051807.666931152,-0.6867226503025297,176.72999572753906,-0.0004524734582849188,-0.000452575855289261,0,-1
2026-04-02 13:29:00-04:00,0,0,0,0,0.0,0.0,0.0,0.0,0.0,0.0,0.0,0.0,0.0,0.0,176.80999755859375,176.80999755859375,176.74000549316406,176.77499389648438,79774,-0.00019797331934112705,-0.00019799291864551477,0.0004251422215368269,14102048.363098145,-1.2998296281704844,176.75999450683594,-8.485017771930892e-05,-8.485377769927914e-05,0,-1
2026-04-02 13:30:00-04:00,0,0,0,0,0.0,0.0,0.0,0.0,0.0,0.0,0.0,0.0,0.0,0.0,176.7899932861328,176.80099487304688,176.68499755859375,176.74000549316406,101311,-0.0001979262029605522,-0.00019794579293641704,0.0003917498259075109,17905706.696517944,-0.7269886222479344,176.60000610351562,-0.0007921205459838765,-0.0007924344392353704,0,-1
2026-04-02 13:31:00-04:00,0,0,0,0,0.0,0.0,0.0,0.0,0.0,0.0,0.0,0.0,0.0,0.0,176.7449951171875,176.8300018310547,176.7100067138672,176.74000549316406,128989,0.0,0.0,0.0003910141673954374,22797516.56855774,0.011200591098869159,176.64999389648438,-0.0005092881853687725,-0.0005094179166455915,0,-1
2026-04-02 13:32:00-04:00,0,0,1,1,0.0,0.0,1.0,1.0,0.0,0.0,0.0,1.4285693877580177,0.0,0.0,176.76499938964844,176.77999877929688,176.7100067138672,176.71499633789062,83399,-0.00014150251497191402,-0.0001415125273973191,0.00039240075289273324,14737853.97958374,-1.1613594769296594,176.5749969482422,-0.0007922326488961628,-0.0007925466310233656,0,-1
2026-04-02 13:33:00-04:00,0,0,2,2,0.0,0.0,3.0,3.0,0.0,0.0,0.0,4.390237477701252,0.0,0.0,176.71009826660156,176.75,176.6721954345703,176.72999572753906,162128,8.487898570730401e-05,8.487538369001893e-05,0.0003570843842236109,28652880.747314453,0.877848142647151,176.63999938964844,-0.0005092306912595213,-0.0005093603932420041,0,-1
2026-04-02 13:34:00-04:00,1,0,0,1,1.0,0.0,3.0,4.0,0.5,0.5,0.5,5.71427755103207,1.0,0.2499999375000156,176.72999572753906,176.85000610351562,176.72000122070312,176.75999450683594,121131,0.00016974356375309974,0.00016972915894444124,0.000353702165141018,21411114.894607544,-0.18879967027869132,176.80999755859375,0.00028288670124321236,0.00028284669634473357,1,1
2026-04-02 13:35:00-04:00,0,0,1,1,1.0,0.0,4.0,5.0,0.5,0.5,0.0,7.142846938790088,1.0,0.199999960000008,176.75999450683594,176.7707061767578,176.56500244140625,176.60000610351562,205142,-0.000905116589116739,-0.000905526454472638,0.0003915162940119973,36228078.4520874,1.8153064418773142,176.78500366210938,0.001047551258210655,0.0010470029592721194,1,1
2026-04-02 13:36:00-04:00,0,0,1,1,1.0,0.0,5.0,6.0,0.5,0.5,0.0,8.372081341281849,1.0,0.1666666388888935,176.59500122070312,176.67999267578125,176.59010314941406,176.64999389648438,95074,0.00028305657554428265,0.0002830165225897931,0.00039248889903143337,16794821.519714355,-0.8146398769388918,176.76890563964844,0.0006731488665305818,0.0006729224034555354,1,1
2026-04-02 13:37:00-04:00,0,0,0,0,1.0,0.0,4.0,5.0,0.5,0.5,0.0,6.818172520673835,1.0,0.199999960000008,176.63999938964844,176.66000366210938,176.5500946044922,176.5749969482422,113264,-0.0004245510944435038,-0.0004246412417750688,0.0004012831810821197,19999590.454345703,-0.36358444965278114,176.74009704589844,0.0009350140195933943,0.0009345771662730883,1,1
2026-04-02 13:38:00-04:00,0,0,0,0,1.0,0.0,2.0,3.0,0.5,0.5,0.0,4.090903512404301,1.0,0.3333332222222592,176.59640502929688,176.6999969482422,176.57000732421875,176.63999938964844,141934,0.0003681293644608452,0.0003680616214713019,0.00038013606110805893,25071221.67337036,0.3575166538041649,176.7100067138672,0.00039632769735420403,0.0003962491802773355,1,1
2026-04-02 13:39:00-04:00,0,0,0,0,0.0,0.0,2.0,2.0,0.0,0.0,-0.5,2.790693780427283,0.0,0.0,176.63999938964844,176.82000732421875,176.63999938964844,176.80999755859375,138729,0.000962399057589991,0.0009619362485311651,0.0003990294094246249,24528674.151306152,0.2333650213840948,176.72999572753906,-0.0004524734582849188,-0.000452575855289261,0,-1
2026-04-02 13:40:00-04:00,0,0,0,0,0.0,0.0,1.0,1.0,0.0,0.0,0.0,1.4285693877580177,0.0,0.0,176.8000030517578,176.8800048828125,176.77999877929688,176.78500366210938,128218,-0.0001413601992505953,-0.00014137019154524764,0.0003850727279586518,22667019.59954834,-0.05609235126799883,176.65499877929688,-0.00073538411131846,-0.0007356546388499463,0,-1
2026-04-02 13:41:00-04:00,0,0,1,1,0.0,0.0,1.0,1.0,0.0,0.0,0.0,1.4285693877580177,0.0,0.0,176.7888946533203,176.8350067138672,176.74000549316406,176.76890563964844,119715,-9.105988702362566e-05,-9.106403322684182e-05,0.0003850143229511109,21161889.538650513,-0.286944479825992,176.59730529785156,-0.0009707608992426398,-0.0009712323927674051,0,-1
2026-04-02 13:42:00-04:00,0,0,0,0,0.0,0.0,1.0,1.0,0.0,0.0,0.0,1.3953468902136414,0.0,0.0,176.76499938964844,176.77999877929688,176.6999969482422,176.74009704589844,137926,-0.00016297319738312055,-0.00016298647895769992,0.0003802451012093903,24377054.625152588,0.15384203494329618,176.39999389648438,-0.001924312338279055,-0.0019261662059287142,0,-1
2026-04-02 13:43:00-04:00,0,0,1,1,0.0,0.0,2.0,2.0,0.0,0.0,0.0,2.790693780427283,0.0,0.0,176.75799560546875,176.77999877929688,176.69500732421875,176.7100067138672,104333,-0.00017025187002939202,-0.00017026636452418284,0.0003348317138072039,18436685.130477905,-0.6647691336334609,176.3300018310547,-0.0021504434857942956,-0.002152759009584695,0,-1
2026-04-02 13:44:00-04:00,0,0,0,0,0.0,0.0,2.0,2.0,0.0,0.0,0.0,2.790693780427283,0.0,0.0,176.7050018310547,176.74000549316406,176.63499450683594,176.72999572753906,137618,0.00011311761027910094,0.00011311121296465139,0.00033354709384818217,24321228.55203247,0.38650085866927125,176.27000427246094,-0.002602792203918125,-0.002606185356606254,0,-1
2026-04-02 13:45:00-04:00,1,0,0,1,1.0,0.0,2.0,3.0,0.5,0.5,0.5,4.499993250010125,1.0,0.3333332222222592,176.72500610351562,176.7949981689453,176.64500427246094,176.65499877929688,149275,-0.0004243589093829714,-0.000424448975105987,0.00034250004260728123,26370174.94277954,0.8243226214696953,176.30999755859375,-0.001952966081272045,-0.001954875606092519,0,-1
2026-04-02 13:46:00-04:00,1,0,0,1,2.0,0.0,1.0,3.0,0.6666666666666666,0.6666666666666666,0.1666666666666666,4.615377514803823,2.0,0.6666664444445185,176.64999389648438,176.67999267578125,176.52000427246094,176.59730529785156,177711,-0.00032658844552369004,-0.0003266417871442189,0.00034350075771393505,31383283.7217865,2.010627265556783,176.2100067138672,-0.0021931171788331927,-0.0021955255822314512,0,-1
2026-04-02 13:47:00-04:00,0,1,0,1,2.0,1.0,1.0,4.0,0.25,0.5,-0.4166666666666666,6.153836686405097,3.0,0.7499998125000469,176.58999633789062,176.60000610351562,176.35009765625,176.39999389648438,222416,-0.001117295652016903,-0.0011179202921190374,0.00039108285662947564,39234181.04248047,2.966692487671593,176.22999572753906,-0.0009637084740777846,-0.0009641731396480417,0,-1
2026-04-02 13:48:00-04:00,1,0,0,1,3.0,1.0,0.0,4.0,0.4,0.6,0.15,6.315779501400788,4.0,0.9999997500000624,176.40499877929688,176.4600067138672,176.2801055908203,176.3300018310547,345017,-0.0003967804299968014,-0.0003968591681801513,0.0003960722134338756,60836848.241744995,4.1149411975754004,176.3800048828125,0.00028357653966182284,0.0002835363394346142,1,1
2026-04-02 13:49:00-04:00,1,0,0,1,4.0,1.0,0.0,5.0,0.5,0.6666666666666666,0.0999999999999999,7.692295858006371,5.0,0.99999980000004,176.32000732421875,176.36000061035156,176.25,176.27000427246094,166813,-0.000340257233430008,-0.0003403151340569026,0.0003926209681757151,29404128.222702026,0.605639619292199,176.44000244140625,0.000964419157116092,0.0009639544037481507,1,1
2026-04-02 13:50:00-04:00,0,0,0,0,3.0,1.0,0.0,4.0,0.4,0.6,-0.0999999999999999,6.153836686405097,4.0,0.9999997500000624,176.2729949951172,176.3800048828125,176.25999450683594,176.30999755859375,145837,0.00022688651025948303,0.0002268607754077344,0.0003967533843488279,25712521.113952637,0.17634077182258354,176.58990478515625,0.0015875856754492546,0.001586326793523293,1,1
2026-04-02 13:51:00-04:00,0,0,1,1,2.0,1.0,1.0,4.0,0.25,0.5,-0.15,6.4864759678768085,3.0,0.7499998125000469,176.31100463867188,176.39999389648438,176.1999969482422,176.2100067138672,156812,-0.0005671308837340572,-0.0005672917632830825,0.0004044146217364122,27631843.57281494,0.35214104461013135,176.46099853515625,0.0014243902827641985,0.0014233768012067547,1,1
2026-04-02 13:52:00-04:00,0,0,0,0,2.0,0.0,1.0,3.0,0.6666666666666666,0.6666666666666666,0.4166666666666666,4.73683462605059,2.0,0.6666664444445185,176.1999969482422,176.25,176.110107421875,176.22999572753906,169877,0.0001134385841341512,0.00011343215046451233,0.00040293153959311914,29937422.984207153,0.5773427208305361,176.33999633789062,0.0006241877831152376,0.0006239930589463606,1,1
2026-04-02 13:53:00-04:00,0,0,1,1,1.0,0.0,2.0,3.0,0.5,0.5,-0.1666666666666666,4.864856975907606,1.0,0.3333332222222592,176.22999572753906,176.4185028076172,176.2100067138672,176.3800048828125,242520,0.0008512123867117083,0.0008508503109024369,0.00042702436688118664,42775678.78417969,1.8107613966317693,176.33999633789062,-0.00022683152179558963,-0.00022685725195624424,0,-1
2026-04-02 13:54:00-04:00,0,0,0,0,0.0,0.0,2.0,2.0,0.0,0.0,-0.5,3.243237983938404,0.0,0.0,176.3800048828125,176.4730987548828,176.3300018310547,176.44000244140625,167824,0.00034016077181542315,0.0003401029302566632,0.00043324579839695924,29610866.969726562,0.39729013795848345,176.3800048828125,-0.00034004510181118164,-0.0003401029302567058,0,-1
2026-04-02 13:55:00-04:00,0,0,1,1,0.0,0.0,3.0,3.0,0.0,0.0,0.0,4.864856975907606,0.0,0.0,176.44009399414062,176.60000610351562,176.44009399414062,176.58990478515625,245438,0.0008495938657662183,0.0008492331651827222,0.0004611621643862451,43341873.05065918,1.676338767480026,176.60989379882812,0.00011319454357372472,0.00011318813755479031,1,1
2026-04-02 13:56:00-04:00,0,0,2,2,0.0,0.0,4.0,4.0,0.0,0.0,0.0,6.315779501400788,0.0,0.0,176.5800018310547,176.6199951171875,176.4600067138672,176.46099853515625,181200,-0.000729975193977439,-0.0007302417555994923,0.00047839435801951414,31974732.934570312,0.5097151282358616,176.7100067138672,0.0014111230287598975,0.001410128330310052,1,1
2026-04-02 13:57:00-04:00,0,0,0,0,0.0,0.0,4.0,4.0,0.0,0.0,0.0,5.9999910000135,0.0,0.0,176.4600067138672,176.4600067138672,176.33999633789062,176.33999633789062,134999,-0.0006857163807871824,-0.0006859515917961302,0.000488819332850715,23805723.165618896,-0.3366391394182737,176.63499450683594,0.0016728942671635494,0.0016714965381670916,1,1
2026-04-02 13:58:00-04:00,0,0,0,0,0.0,0.0,3.0,3.0,0.0,0.0,0.0,4.615377514803823,0.0,0.0,176.35000610351562,176.39999389648438,176.3000030517578,176.33999633789062,161199,0.0,0.0,0.00048766605038750774,28425831.06967163,0.10324558914168787,176.61000061035156,0.0015311572987875,0.0015299862726484335,1,1
2026-04-02 13:59:00-04:00,0,0,2,2,0.0,0.0,5.0,5.0,0.0,0.0,0.0,7.894724376750984,0.0,0.0,176.33999633789062,176.44000244140625,176.32000732421875,176.3800048828125,103508,0.00022688298600859191,0.00022685725195626066,0.0004905438114051603,18256741.545410156,-0.9772636218538331,176.72979736328125,0.0019831753644703465,0.0019812114682789326,1,1
2026-04-02 14:00:00-04:00,0,0,1,1,0.0,0.0,5.0,5.0,0.0,0.0,0.0,7.499988750016875,0.0,0.0,176.38499450683594,176.64999389648438,176.38499450683594,176.60989379882812,180738,0.0013033728861067129,0.001302524232994194,0.0005503749600506229,31920118.985412598,0.4094961802515572,176.8699951171875,0.0014727448885487604,0.0014716614634041674,1,1
2026-04-02 14:01:00-04:00,0,1,0,1,0.0,1.0,3.0,4.0,-0.5,0.0,-0.5,5.9999910000135,1.0,0.2499999375000156,176.60499572753906,176.75,176.60000610351562,176.7100067138672,240192,0.0005668590410516927,0.0005666984371557957,0.0005608715631675627,42444329.93261719,1.4128645084024443,176.89999389648438,0.0010751353935762875,0.0010745578494407212,1,1
2026-04-02 14:02:00-04:00,0,0,0,0,0.0,1.0,3.0,4.0,-0.5,0.0,0.0,5.9999910000135,1.0,0.2499999375000156,176.7100067138672,176.72000122070312,176.61000061035156,176.63499450683594,126133,-0.0004244932611694452,-0.00042458338393907565,0.0005655970692443279,22279501.762130737,-0.7124990705981705,176.76010131835938,0.0007082787409864455,0.0007080280299741809,1,1
2026-04-02 14:03:00-04:00,0,1,0,1,0.0,2.0,3.0,5.0,-0.6666666666666666,0.0,-0.1666666666666666,7.692295858006371,2.0,0.399999920000016,176.63999938964844,176.67990112304688,176.56089782714844,176.61000061035156,164804,-0.00014150025341330696,-0.0001415102655186531,0.0005657274887728338,29106034.54058838,0.011715155205147557,176.84890747070312,0.0013527368751822255,0.0013518227509423347,1,1
2026-04-02 14:04:00-04:00,1,0,1,2,1.0,2.0,2.0,5.0,-0.25,0.25,0.4166666666666666,7.894724376750984,3.0,0.599999880000024,176.61000061035156,176.7299041748047,176.5500030517578,176.72979736328125,115328,0.0006783123974614114,0.0006780824475864947,0.0005791424181008721,20381894.0703125,-0.9104428599467681,176.85000610351562,0.0006801837722207882,0.0006799525520809757,1,1
2026-04-02 14:05:00-04:00,0,1,1,2,1.0,3.0,2.0,6.0,-0.4,0.2,-0.15,9.230755029607646,4.0,0.6666665555555741,176.72999572753906,176.90499877929688,176.69000244140625,176.8699951171875,253429,0.0007932887153039303,0.0007929742281194488,0.0005711085667346532,44823985.99255371,1.5849253440563182,176.98500061035156,0.0006502261341041482,0.0006500148286839883,1,1
2026-04-02 14:06:00-04:00,1,0,0,1,2.0,2.0,2.0,6.0,0.0,0.4,0.4,8.99998650002025,4.0,0.6666665555555741,176.86070251464844,176.9398956298828,176.80999755859375,176.89999389648438,209537,0.00016960920520747713,0.00016959482319242334,0.0005698932546165412,37067094.02108765,0.7386270016570643,176.85000610351562,-0.0002825765669500768,-0.00028261649923096654,0,-1
2026-04-02 14:07:00-04:00,0,0,0,0,2.0,2.0,2.0,6.0,0.0,0.4,0.0,8.780474955402504,4.0,0.6666665555555741,176.89999389648438,176.91000366210938,176.74009704589844,176.76010131835938,163526,-0.0007908003558602106,-0.0007911132034057988,0.0005841051560782361,28904872.328186035,-0.14185884376307537,176.75999450683594,-6.042739433276267e-07,-6.042741259011996e-07,0,-1
2026-04-02 14:08:00-04:00,0,0,1,1,2.0,1.0,3.0,6.0,0.25,0.5,0.25,8.99998650002025,3.0,0.4999999166666805,176.7550048828125,176.86500549316406,176.7550048828125,176.84890747070312,116700,0.0005024106214093216,0.0005022844554493793,0.0005872504736424263,20638267.501831055,-0.9921506439768147,176.83999633789062,-5.038839617355073e-05,-5.038966571143203e-05,0,-1
2026-04-02 14:09:00-04:00,0,0,0,0,1.0,1.0,2.0,4.0,0.0,0.3333333333333333,-0.25,5.853649970268336,2.0,0.4999998750000312,176.85000610351562,176.91000366210938,176.83999633789062,176.85000610351562,147098,6.21226802133279e-06,6.21224872527572e-06,0.0005608063902419134,26014282.19781494,-0.43526042802302056,176.7801055908203,-0.000395253097443482,-0.00039533123053791137,0,-1
2026-04-02 14:10:00-04:00,0,0,0,0,1.0,0.0,1.0,2.0,0.5,0.5,0.5,2.99999550000675,1.0,0.499999750000125,176.85000610351562,177.0500030517578,176.8350067138672,176.98500061035156,529978,0.0007633276911334086,0.0007630365047223949,0.0005766114694492152,93798156.6534729,4.105549830987874,176.67010498046875,-0.0017792221306712763,-0.0017808068263290974,0,-1
2026-04-02 14:11:00-04:00,0,1,2,3,0.0,1.0,3.0,4.0,-0.5,0.0,-1.0,6.4864759678768085,1.0,0.2499999375000156,176.97999572753906,177.0050048828125,176.85000610351562,176.85000610351562,230010,-0.0007627454663976518,-0.000763036504722426,0.0005945579300609265,40677269.90386963,0.5061780535826398,176.79010009765625,-0.00033873906582915225,-0.0003387964508659134,0,-1
2026-04-02 14:12:00-04:00,1,0,0,1,1.0,1.0,3.0,5.0,0.0,0.3333333333333333,0.5,7.499988750016875,2.0,0.399999920000016,176.85989379882812,176.86000061035156,176.72000122070312,176.75999450683594,147861,-0.0005089714083865715,-0.0005091009783006353,0.0006014546959989785,26135909.54777527,-0.4791434254432534,176.81500244140625,0.0003112012688379906,0.0003111528557670064,1,1
2026-04-02 14:13:00-04:00,0,1,0,1,1.0,2.0,2.0,5.0,-0.25,0.25,-0.25,7.692295858006371,3.0,0.599999880000024,176.75,176.85000610351562,176.74000549316406,176.83999633789062,150681,0.00045260145700898313,0.00045249906386389923,0.0006059716577755855,26646427.488189697,-0.47052233139626737,176.75,-0.0005089139321099445,-0.0005090434727569834,0,-1
2026-04-02 14:14:00-04:00,0,1,0,1,1.0,3.0,2.0,6.0,-0.4,0.2,-0.15,9.230755029607646,4.0,0.6666665555555741,176.85000610351562,176.8800048828125,176.74000549316406,176.7801055908203,137386,-0.0003386719538032157,-0.00033872931610106206,0.0006092996639935241,24287111.58670044,-0.6316651751774945,176.75,-0.00017029965402326486,-0.00017031415665589732,0,-1
2026-04-02 14:15:00-04:00,0,0,0,0,1.0,3.0,2.0,6.0,-0.4,0.2,0.0,9.230755029607646,4.0,0.6666665555555741,176.78500366210938,176.82000732421875,176.60000610351562,176.67010498046875,144331,-0.0006222454160433877,-0.0006224390910687131,0.0006152051845714715,25498972.921936035,-0.5448433065596007,176.77999877929688,0.0006220282647155795,0.0006218348853220039,1,1
2026-04-02 14:16:00-04:00,0,1,1,2,1.0,3.0,1.0,5.0,-0.4,0.2,0.0,7.894724376750984,4.0,0.799999840000032,176.67999267578125,176.80999755859375,176.66000366210938,176.79010009765625,141901,0.0006792044256767049,0.000678973870740824,0.0006239671314929187,25086691.99395752,-0.5569140738036924,176.8000030517578,5.601532040588886e-05,5.601375160641303e-05,1,1
2026-04-02 14:17:00-04:00,0,0,0,0,0.0,3.0,1.0,4.0,-0.75,0.0,-0.35,5.9999910000135,3.0,0.7499998125000469,176.7899932861328,176.88999938964844,176.77999877929688,176.81500244140625,133927,0.00014085824792364754,0.00014084832833213674,0.0005847612371756719,23680302.831970215,-0.6151749689358404,176.80999755859375,-2.8305758806634884e-05,-2.830615942218553e-05,0,-1
2026-04-02 14:18:00-04:00,2,0,1,3,2.0,2.0,2.0,6.0,0.0,0.4,0.75,9.230755029607646,4.0,0.6666665555555741,176.82000732421875,176.86000061035156,176.72999572753906,176.75,110415,-0.00036762967230563603,-0.0003676972646600935,0.0005839677799364092,19515851.25,-0.8510856352192184,176.75999450683594,5.65460075583335e-05,5.654440889311325e-05,1,1
2026-04-02 14:19:00-04:00,0,0,0,0,2.0,1.0,2.0,5.0,0.25,0.5,0.25,7.142846938790088,3.0,0.599999880000024,176.75,176.82000732421875,176.72000122070312,176.75,149748,0.0,0.0,0.0005788181351715158,26467959.0,-0.3429915356079401,176.75999450683594,5.65460075583335e-05,5.654440889311325e-05,1,1
2026-04-02 14:20:00-04:00,0,0,0,0,2.0,1.0,2.0,5.0,0.25,0.5,0.0,7.142846938790088,3.0,0.599999880000024,176.75,176.82000732421875,176.75,176.77999877929688,82352,0.00016972435245765638,0.00016970995090925372,0.000578448290127993,14558186.459472656,-1.1470867140067948,176.6750030517578,-0.0005939344284652259,-0.000594110877387403,0,-1
2026-04-02 14:21:00-04:00,1,0,0,1,3.0,0.0,1.0,4.0,0.75,0.75,0.5,5.71427755103207,3.0,0.7499998125000469,176.77200317382812,176.85000610351562,176.75,176.8000030517578,202630,0.00011315913903753305,0.00011315273702511878,0.0005650222530925842,35824984.618377686,0.328437019236545,176.57000732421875,-0.0013008807894179242,-0.0013017276693716466,0,-1
2026-04-02 14:22:00-04:00,0,0,0,0,3.0,0.0,1.0,4.0,0.75,0.75,0.0,5.581387560854566,3.0,0.7499998125000469,176.8000030517578,176.80999755859375,176.7449951171875,176.80999755859375,118680,5.653001506455979e-05,5.652841730347221e-05,0.0005651107792763486,20983810.510253906,-0.6868573326904138,176.58999633789062,-0.00124428043516156,-0.001245055194807753,0,-1
2026-04-02 14:23:00-04:00,0,1,0,1,1.0,1.0,0.0,2.0,0.0,0.3333333333333333,-0.75,2.857138775516035,2.0,0.99999950000025,176.82000732421875,176.8300018310547,176.75,176.75999450683594,132875,-0.00028280669898905764,-0.00028284669634474533,0.0005515716224790102,23486984.270095825,-0.4711791728550871,176.6199951171875,-0.0007920309685403026,-0.0007923447907834311,0,-1
2026-04-02 14:24:00-04:00,0,0,0,0,1.0,1.0,0.0,2.0,0.0,0.3333333333333333,0.0,2.790693780427283,2.0,0.99999950000025,176.75999450683594,176.85000610351562,176.75,176.75999450683594,127998,0.0,0.0,0.000549356224489383,22624925.776885986,-0.5128508307870123,176.5399932861328,-0.0012446324255492858,-0.001245407623777977,0,-1
2026-04-02 14:25:00-04:00,1,0,0,1,2.0,1.0,0.0,3.0,0.25,0.5,0.25,4.285708163274053,3.0,0.9999996666667778,176.75,176.7899932861328,176.6199951171875,176.6750030517578,200206,-0.00048082969970242306,-0.00048094533537134266,0.0005370349597281106,35371395.660980225,0.4036013395643653,176.61770629882812,-0.00032430593994614565,-0.00032435853848980864,0,-1
2026-04-02 14:26:00-04:00,0,0,0,0,1.0,1.0,0.0,2.0,0.0,0.3333333333333333,-0.25,2.790693780427283,2.0,0.99999950000025,176.67990112304688,176.6999969482422,176.53500366210938,176.57000732421875,159169,-0.0005942873962102579,-0.0005944640549590843,0.0005310675276691349,28104471.495788574,-0.10116784093180083,176.65350341796875,0.00047287812361407333,0.0004727663519890263,1,1
2026-04-02 14:27:00-04:00,0,0,0,0,1.0,1.0,0.0,2.0,0.0,0.3333333333333333,0.0,2.790693780427283,2.0,0.99999950000025,176.5399932861328,176.63999938964844,176.52000427246094,176.58999633789062,142623,0.00011320729933017581,0.00011320089186744147,0.0005141797600853142,25185795.047698975,-0.31200009931133543,176.58999633789062,0.0,0.0,0,0
2026-04-02 14:28:00-04:00,1,0,0,1,2.0,0.0,0.0,2.0,0.6666666666666666,0.6666666666666666,0.6666666666666666,2.790693780427283,2.0,0.99999950000025,176.60000610351562,176.6999969482422,176.5800018310547,176.6199951171875,121535,0.00016987813533608787,0.00016986370767959436,0.0005145769149333385,21465511.106567383,-0.5568667205248674,176.69000244140625,0.00039637258608404835,0.0003962940512225743,1,1
2026-04-02 14:29:00-04:00,0,0,2,2,2.0,0.0,2.0,4.0,0.6666666666666666,0.6666666666666666,0.0,5.454538016539068,2.0,0.4999998750000312,176.6300048828125,176.6300048828125,176.50999450683594,176.5399932861328,165167,-0.00045296021552720944,-0.00045306283299455805,0.0005215758929346979,29158581.0710907,-0.03865509306659985,176.7449951171875,0.001161220340154978,0.001160546645304122,1,1
2026-04-02 14:30:00-04:00,1,0,0,1,2.0,0.0,2.0,4.0,0.6666666666666666,0.6666666666666666,0.0,5.217384499063696,2.0,0.4999998750000312,176.5500030517578,176.61770629882812,176.52000427246094,176.61770629882812,95251,0.0004402006097812272,0.0004401037499169397,0.0004702771912265072,16823013.142669678,-0.8727875149837927,176.77999877929688,0.0009188913380755448,0.0009184694158772697,1,1
2026-04-02 14:31:00-04:00,0,0,1,1,2.0,0.0,3.0,5.0,0.6666666666666666,0.6666666666666666,0.0,6.382970574931181,2.0,0.399999920000016,176.6300048828125,176.6999969482422,176.58009338378906,176.65350341796875,174045,0.0002026813726141441,0.00020266083551968584,0.0004597690145735269,30745659.00238037,0.1373412897453474,176.71499633789062,0.00034809906813104696,0.00034803849570682536,1,1
2026-04-02 14:32:00-04:00,0,0,0,0,2.0,0.0,3.0,5.0,0.6666666666666666,0.6666666666666666,0.0,6.249992187509765,2.0,0.399999920000016,176.66000366210938,176.69000244140625,176.5500030517578,176.58999633789062,132416,-0.0003595008242087694,-0.00035956546012164625,0.0004579000195408713,23383340.955078125,-0.39186423468390935,176.77999877929688,0.0010759524624639472,0.0010753740404790654,1,1
2026-04-02 14:33:00-04:00,0,0,1,1,1.0,0.0,4.0,5.0,0.5,0.5,-0.1666666666666666,6.382970574931181,1.0,0.199999960000008,176.59500122070312,176.7095947265625,176.5500030517578,176.69000244140625,145272,0.0005663180564559056,0.0005661577589021158,0.0004689069067336334,25668110.03466797,-0.2207730175465005,176.69500732421875,2.8325783821170347e-05,2.8325382653731374e-05,1,1
2026-04-02 14:34:00-04:00,0,0,1,1,1.0,0.0,3.0,4.0,0.5,0.5,0.0,5.217384499063696,1.0,0.2499999375000156,176.70989990234375,176.82000732421875,176.64999389648438,176.7449951171875,184681,0.0003112381856438251,0.00031118976108717724,0.0004556151766311289,32641442.443237305,0.24952800702565858,176.72999572753906,-8.486457926848434e-05,-8.4868180470636e-05,0,-1
2026-04-02 14:35:00-04:00,0,0,0,0,0.0,0.0,3.0,3.0,0.0,0.0,-0.5,3.913038374297772,0.0,0.0,176.7451934814453,176.7899932861328,176.6750030517578,176.77999877929688,169350,0.0001980461290356228,0.00019802652048989813,0.00043239464588142485,29937692.793273926,0.09238979883948444,176.88009643554688,0.0005662272708519822,0.0005660670246785029,1,1
2026-04-02 14:36:00-04:00,0,0,1,1,0.0,0.0,3.0,3.0,0.0,0.0,0.0,3.9999946666737776,0.0,0.0,176.7949981689453,176.8000030517578,176.69000244140625,176.71499633789062,149496,-0.00036770246552275676,-0.0003677700846506539,0.0004355188257807701,26418185.092529297,-0.1406583043489158,177.0399932861328,0.0018391022549142377,0.0018374131769698506,1,1
2026-04-02 14:37:00-04:00,0,0,0,0,0.0,0.0,3.0,3.0,0.0,0.0,0.0,3.9999946666737776,0.0,0.0,176.7100067138672,176.77999877929688,176.67999267578125,176.77999877929688,137881,0.00036783772035930973,0.0003677700846505185,0.0004171367167319083,24374603.011688232,-0.2810933612691626,177.0,0.0012444915840155168,0.001243717846237746,1,1
2026-04-02 14:38:00-04:00,0,1,2,3,0.0,1.0,4.0,5.0,-0.5,0.0,-0.5,6.666657777789629,1.0,0.199999960000008,176.77499389648438,176.77499389648438,176.67999267578125,176.69500732421875,108306,-0.00048077528942758185,-0.0004808908989233214,0.0004152361712891731,19137129.463256836,-0.6624345068101716,176.89999389648438,0.0011601152481319765,0.0011594428344388424,1,1
2026-04-02 14:39:00-04:00,0,0,0,0,0.0,1.0,3.0,4.0,-0.5,0.0,0.0,4.999993750007812,1.0,0.2499999375000156,176.69500732421875,176.75,176.64999389648438,176.72999572753906,118626,0.0001980158005037147,0.00019799619796278934,0.00041726864113004883,20964772.47317505,-0.5132903922430007,177.0301055908203,0.0016981263539661562,0.0016966861675909194,1,1
2026-04-02 14:40:00-04:00,1,1,0,2,1.0,2.0,3.0,6.0,-0.25,0.25,0.25,7.499990625011718,3.0,0.4999999166666805,176.72999572753906,176.91000366210938,176.7100067138672,176.88009643554688,214974,0.0008493221956460406,0.0008489617256390447,0.000423101610923683,38024621.851135254,1.974528517542924,177.00999450683594,0.0007343848963605737,0.0007341153677230069,1,1
2026-04-02 14:41:00-04:00,0,1,0,1,1.0,3.0,2.0,6.0,-0.4,0.2,-0.15,7.199991360010367,4.0,0.6666665555555741,176.8800048828125,177.13999938964844,176.8300018310547,177.0399932861328,402685,0.0009039844154776766,0.0009035760676408207,0.0004314749694235987,71291349.69642639,4.450683993230548,177.02999877929688,-5.645338463033944e-05,-5.6454978182632115e-05,0,-1
2026-04-02 14:42:00-04:00,1,0,0,1,2.0,3.0,2.0,7.0,-0.1666666666666666,0.3333333333333333,0.2333333333333333,8.399989920012095,5.0,0.7142856122449125,177.0399932861328,177.0500030517578,176.9600067138672,177.0,171735,-0.000225899726894907,-0.00022592524608146982,0.0004221400497038193,30397095.0,0.3123921275196968,176.94000244140625,-0.0003389692575918035,-0.00033902672065644145,0,-1
2026-04-02 14:43:00-04:00,0,1,1,2,2.0,3.0,1.0,6.0,-0.1666666666666666,0.3333333333333333,0.0,7.058815224923265,5.0,0.8333331944444675,176.99000549316406,176.99000549316406,176.889892578125,176.89999389648438,152497,-0.0005650062345515794,-0.0005651659107223079,0.0004291152475923404,26976718.369232178,-0.03164329666442828,176.94500732421875,0.00025445692078829296,0.00025442455211686297,1,1
2026-04-02 14:44:00-04:00,0,0,1,1,2.0,3.0,2.0,7.0,-0.1666666666666666,0.3333333333333333,0.0,8.076913757407203,5.0,0.7142856122449125,176.88999938964844,177.05999755859375,176.88999938964844,177.0301055908203,199160,0.0007355098859531672,0.0007352395311146487,0.00044346450664228826,35257315.82946777,0.7569305528365364,176.9499969482422,-0.0004525142337274968,-0.0004526166491908284,0,-1
2026-04-02 14:45:00-04:00,0,0,0,0,1.0,2.0,2.0,5.0,-0.25,0.25,-0.0833333333333333,5.660370950523452,3.0,0.599999880000024,177.02499389648438,177.04989624023438,176.9600067138672,177.00999450683594,136516,-0.00011360262096249407,-0.00011360907422898214,0.0004263748749026164,24164696.410095215,-0.345136579157434,176.960693359375,-0.0002785218292238323,-0.0002785606236320696,0,-1
2026-04-02 14:46:00-04:00,2,1,0,3,3.0,2.0,2.0,7.0,0.1666666666666666,0.5,0.4166666666666666,8.076913757407203,5.0,0.7142856122449125,177.0010986328125,177.0500030517578,176.94000244140625,177.02999877929688,200770,0.00011301210712244547,0.00011300572173534684,0.00041045298636126736,35542312.85491943,0.7475845949501769,177.0,-0.00016945590862416093,-0.00016947026789884361,0,-1
2026-04-02 14:47:00-04:00,0,0,0,0,2.0,2.0,2.0,6.0,0.0,0.4,-0.1666666666666666,6.666659259267489,4.0,0.6666665555555741,177.02499389648438,177.05999755859375,176.94000244140625,176.94000244140625,194080,-0.0005083677258723718,-0.0005084969885552332,0.00042218874956604464,34340515.673828125,0.5936156067769826,176.9499969482422,5.6485287091900815e-05,5.64836918581431e-05,1,1
2026-04-02 14:48:00-04:00,1,0,0,1,3.0,1.0,1.0,5.0,0.4,0.6,0.4,5.660370950523452,4.0,0.799999840000032,176.94500732421875,177.0449981689453,176.92999267578125,176.94500732421875,179783,2.8285762085689115e-05,2.8285362051064236e-05,0.0004156744725740747,31811704.25177002,0.3076102160079129,177.02999877929688,0.0004803269465658566,0.00048021162650413565,1,1
2026-04-02 14:49:00-04:00,0,0,0,0,3.0,1.0,0.0,4.0,0.4,0.6,0.0,4.528296760418762,4.0,0.9999997500000624,176.94500732421875,177.0,176.92999267578125,176.9499969482422,67637,2.8198727383577094e-05,2.819832980693815e-05,0.0004156203697408283,11968366.943588257,-1.5529572960482978,176.9149932861328,-0.00019781668670848518,-0.00019783625500992226,0,-1
2026-04-02 14:50:00-04:00,0,0,1,1,3.0,1.0,1.0,5.0,0.4,0.6,0.0,5.769224112433716,4.0,0.799999840000032,176.9499969482422,176.98500061035156,176.91000366210938,176.960693359375,96753,6.044877828359496e-05,6.044695132982135e-05,0.0004149017528523112,17121477.96459961,-1.0802630576317238,176.89999389648438,-0.00034301099152767023,-0.0003430698332537819,0,-1
2026-04-02 14:51:00-04:00,1,1,1,3,2.0,1.0,2.0,5.0,0.25,0.5,-0.15,5.660370950523452,3.0,0.599999880000024,176.96499633789062,177.03990173339844,176.9499053955078,177.0,146314,0.00022212074262828452,0.00022209607746849312,0.0004160929956241456,25897578.0,-0.2047676959779039,176.96339416503906,-0.00020681262689792312,-0.00020683401557826226,0,-1
2026-04-02 14:52:00-04:00,0,0,1,1,2.0,1.0,3.0,6.0,0.25,0.5,0.0,6.545447404966468,3.0,0.4999999166666805,177.00999450683594,177.00999450683594,176.92990112304688,176.9499969482422,158321,-0.0002825031172757342,-0.0002825430287982995,0.0004201488649135943,28014900.46684265,-0.021102162743397972,176.88999938964844,-0.00033906504452385633,-0.0003391225400729199,0,-1
2026-04-02 14:53:00-04:00,0,0,0,0,1.0,1.0,3.0,5.0,0.0,0.3333333333333333,-0.25,5.357137117353088,2.0,0.399999920000016,176.9499969482422,177.07000732421875,176.94000244140625,177.02999877929688,171964,0.0004521154701013774,0.0004520132966971827,0.00042291126959452974,30442786.710083008,0.193584382481932,176.86500549316406,-0.0009320074974327186,-0.0009324420864681629,0,-1
2026-04-02 14:54:00-04:00,0,0,1,1,1.0,1.0,4.0,6.0,0.0,0.3333333333333333,0.0,6.545447404966468,2.0,0.333333277777787,177.02499389648438,177.02999877929688,176.8800048828125,176.9149932861328,189212,-0.0006496384452188142,-0.0006498495517071126,0.0004418268745185054,33474439.70965576,0.45919751670082404,176.84500122070312,-0.0003956254025145878,-0.00039570368289129637,0,-1
2026-04-02 14:55:00-04:00,0,0,0,0,1.0,1.0,3.0,5.0,0.0,0.3333333333333333,0.0,5.357137117353088,2.0,0.399999920000016,176.9199981689453,176.94000244140625,176.85000610351562,176.89999389648438,426731,-8.478303262959841e-05,-8.4786626914067e-05,0.00043186119289120785,75488711.29544067,3.430574551860617,176.97000122070312,0.0003957452042633314,0.0003956669177836342,1,1
2026-04-02 14:56:00-04:00,0,0,0,0,0.0,0.0,2.0,2.0,0.0,0.0,0.0,2.181815801655489,0.0,0.0,176.89999389648438,177.00999450683594,176.89010620117188,176.96339416503906,177694,0.0003583961036865979,0.0003583318951439653,0.000418228322943824,31445333.36276245,0.08896481257120017,176.9499969482422,-7.57061473650733e-05,-7.570901322009054e-05,0,-1
2026-04-02 14:57:00-04:00,0,0,0,0,0.0,0.0,1.0,1.0,0.0,0.0,0.0,1.1320741901046905,0.0,0.0,176.9698944091797,176.97000122070312,176.86000061035156,176.88999938964844,126984,-0.0004147455225806951,-0.00041483155329300294,0.00042753708324710346,22462199.682495117,-0.5809726305283961,177.00999450683594,0.0006783600972442017,0.000678130115034727,1,1
2026-04-02 14:58:00-04:00,0,0,1,1,0.0,0.0,2.0,2.0,0.0,0.0,0.0,2.264148380209381,0.0,0.0,176.88999938964844,176.90989685058594,176.86000061035156,176.86500549316406,135731,-0.0001412962664402162,-0.00014130624969808028,0.00042846757919684855,24006064.06059265,-0.4723188896125856,176.9300994873047,0.00036804337838969303,0.0003679756670388049,1,1
2026-04-02 14:59:00-04:00,0,0,0,0,0.0,0.0,1.0,1.0,0.0,0.0,0.0,1.1111098765445817,0.0,0.0,176.86500549316406,176.88499450683594,176.74000549316406,176.84500122070312,270555,-0.00011310475130543729,-0.00011311114813016662,0.00041920319093821326,47846299.305267334,1.2499168820232427,176.9550018310547,0.0006220170747956999,0.0006218237023581814,1,1
2026-04-02 15:00:00-04:00,0,0,0,0,0.0,0.0,1.0,1.0,0.0,0.0,0.0,1.1538448224867432,0.0,0.0,176.83999633789062,176.9709930419922,176.83999633789062,176.97000122070312,227595,0.000706833663022266,0.0007065839737609309,0.0004302663169158411,40277487.42782593,0.6410299260655823,176.94500732421875,-0.00014123239143337685,-0.00014124236566670612,0,-1
2026-04-02 15:01:00-04:00,0,0,0,0,0.0,0.0,1.0,1.0,0.0,0.0,0.0,1.1764692041538776,0.0,0.0,176.9600067138672,177.02000427246094,176.8800048828125,176.9499969482422,231663,-0.00011303764662340399,-0.00011304403585966842,0.0004306798680891554,40992767.14302063,0.6640770048549667,176.96499633789062,8.476626113096408e-05,8.476266867446233e-05,1,1
2026-04-02 15:02:00-04:00,0,0,0,0,0.0,0.0,1.0,1.0,0.0,0.0,0.0,1.199998560001728,0.0,0.0,176.94500732421875,177.04989624023438,176.92999267578125,177.00999450683594,174262,0.00033906504452385633,0.0003390075749618934,0.0004263049591898837,30846115.662750244,-0.10500123647879009,177.05499267578125,0.00025421258879010367,0.00025418028224499166,1,1
2026-04-02 15:03:00-04:00,1,0,0,1,1.0,0.0,0.0,1.0,0.5,0.5,0.5,1.199998560001728,1.0,0.999999000001,177.01499938964844,177.01939392089844,176.92999267578125,176.9300994873047,147528,-0.00045135880464741707,-0.00045146069769405275,0.000426706157861182,26102143.717163086,-0.45802662792793486,177.1199951171875,0.0010732805239643817,0.0010727049702064348,1,1
2026-04-02 15:04:00-04:00,1,0,0,1,2.0,0.0,0.0,2.0,0.6666666666666666,0.6666666666666666,0.1666666666666666,2.399997120003456,2.0,0.99999950000025,176.9300994873047,176.96499633789062,176.8800048828125,176.9550018310547,153229,0.00014074679108966315,0.00014073688718934602,0.00042417044812663934,27114637.97557068,-0.36827512272492235,177.09500122070312,0.0007911581373782894,0.000790845336751421,1,1
2026-04-02 15:05:00-04:00,0,0,0,0,2.0,0.0,0.0,2.0,0.6666666666666666,0.6666666666666666,0.0,2.448976593089886,2.0,0.99999950000025,176.94500732421875,177.00999450683594,176.92030334472656,176.94500732421875,1177285,-5.648049918072218e-05,-5.648209426417705e-05,0.000423436736243137,208314702.94769287,4.883894352363961,177.35000610351562,0.0022888398232949747,0.002286224419493272,1,1
2026-04-02 15:06:00-04:00,0,0,1,1,2.0,0.0,1.0,3.0,0.6666666666666666,0.6666666666666666,0.0,3.829782344958709,2.0,0.6666664444445185,176.92999267578125,176.97000122070312,176.89999389648438,176.96499633789062,137524,0.00011296737881538732,0.00011296099848155765,0.0004168669116204652,24336934.15637207,-0.39015744039403766,177.375,0.0023168630553724867,0.0023141832665015344,1,1
2026-04-02 15:07:00-04:00,0,0,0,0,2.0,0.0,1.0,3.0,0.6666666666666666,0.6666666666666666,0.0,3.829782344958709,2.0,0.6666664444445185,176.95010375976562,177.0800018310547,176.92999267578125,177.05499267578125,169362,0.0005085544585257118,0.0005084251885324327,0.000421364293516238,29986387.669555664,-0.23443740481479075,177.31500244140625,0.001468525465989634,0.0014674482369640474,1,1
2026-04-02 15:08:00-04:00,1,0,0,1,2.0,0.0,1.0,3.0,0.6666666666666666,0.6666666666666666,0.0,3.829782344958709,2.0,0.6666664444445185,177.05499267578125,177.1300048828125,176.9600067138672,177.1199951171875,294391,0.00036713136649746403,0.00036706399026744475,0.00041275073350145183,52142532.482543945,0.3701970270569959,177.27000427246094,0.0008469351818476412,0.0008465767346199499,1,1
2026-04-02 15:09:00-04:00,0,0,0,0,1.0,0.0,1.0,2.0,0.5,0.5,-0.1666666666666666,2.553188229972472,1.0,0.499999750000125,177.1199951171875,177.1199951171875,177.0449981689453,177.09500122070312,125689,-0.00014111278891937307,-0.00014112274626572167,0.00041405159786178327,22258893.608428955,-0.4906895450956872,177.2949981689453,0.0011293201211983739,0.0011286829189220825,1,1
2026-04-02 15:10:00-04:00,0,0,0,0,1.0,0.0,1.0,2.0,0.5,0.5,0.0,2.553188229972472,1.0,0.499999750000125,177.10000610351562,177.3800048828125,177.09500122070312,177.35000610351562,489547,0.0014399326974492421,0.0014388969884775817,0.00046344538848405655,86821163.43795776,1.2783941243483385,177.32000732421875,-0.00016915014527463246,-0.0001691644527738888,0,-1
2026-04-02 15:11:00-04:00,1,0,1,2,2.0,0.0,1.0,3.0,0.6666666666666666,0.6666666666666666,0.1666666666666666,3.829782344958709,2.0,0.6666664444445185,177.34500122070312,177.47000122070312,177.3350067138672,177.375,301046,0.0001409297751575611,0.00014091984548971108,0.0004373739435507519,53398034.25,0.36658930534001566,177.30499267578125,-0.0003946854078576978,-0.0003947633166436007,0,-1
2026-04-02 15:12:00-04:00,0,0,0,0,2.0,0.0,1.0,3.0,0.6666666666666666,0.6666666666666666,0.0,3.913038374297772,2.0,0.6666664444445185,177.3800048828125,177.3800048828125,177.26499938964844,177.31500244140625,263575,-0.00033825262068354345,-0.0003383098410048893,0.00044040488377575194,46735801.76849365,0.1641046715120282,177.0749969482422,-0.0013535543516312032,-0.0013544712337825548,0,-1
2026-04-02 15:13:00-04:00,1,0,0,1,2.0,0.0,1.0,3.0,0.6666666666666666,0.6666666666666666,0.0,3.9999946666737776,2.0,0.6666664444445185,177.31500244140625,177.34500122070312,177.24000549316406,177.27000427246094,206029,-0.00025377530567494144,-0.00025380751207673485,0.0004286950280613487,36522761.710250854,-0.13310414154399186,177.0749969482422,-0.0011000582135657355,-0.001100663721705886,0,-1
2026-04-02 15:14:00-04:00,0,0,0,0,2.0,0.0,1.0,3.0,0.6666666666666666,0.6666666666666666,0.0,3.9999946666737776,2.0,0.6666664444445185,177.27000427246094,177.3000030517578,177.22000122070312,177.2949981689453,204734,0.00014099337666828582,0.0001409834380363302,0.0004102105916090101,36298314.15512085,-0.1405528732307058,177.14500427246094,-0.0008460131308467567,-0.0008463712019250064,0,-1
2026-04-02 15:15:00-04:00,1,0,0,1,3.0,0.0,1.0,4.0,0.75,0.75,0.0833333333333333,5.454538016539068,3.0,0.7499998125000469,177.2949981689453,177.3780059814453,177.27000427246094,177.32000732421875,237275,0.00014105956474641523,0.00014104961678150475,0.00040934561427519563,42073604.737854004,0.005875296353549044,177.01499938964844,-0.001720098815542137,-0.0017215798841429893,0,-1
2026-04-02 15:16:00-04:00,0,0,0,0,2.0,0.0,0.0,2.0,0.6666666666666666,0.6666666666666666,-0.0833333333333333,2.666663111115852,2.0,0.99999950000025,177.31500244140625,177.3350067138672,177.1999969482422,177.30499267578125,231376,-8.46754332128885e-05,-8.467901837976854e-05,0.00041002565198790974,41024119.98535156,-0.028998485794335012,177.02000427246094,-0.00160733433965643,-0.001608627487362389,0,-1
2026-04-02 15:17:00-04:00,1,0,0,1,3.0,0.0,0.0,3.0,0.75,0.75,0.0833333333333333,4.186040670640924,3.0,0.9999996666667778,177.3000030517578,177.31500244140625,177.06829833984375,177.0749969482422,200471,-0.0012971756974696769,-0.0012980177581439296,0.0004684056166446189,35498401.71321106,-0.18589408668957125,177.1199951171875,0.0002541192699185846,0.00025408698708592335,1,1
2026-04-02 15:18:00-04:00,0,0,0,0,2.0,0.0,0.0,2.0,0.6666666666666666,0.6666666666666666,-0.0833333333333333,2.727269008269534,2.0,0.99999950000025,177.05999755859375,177.16000366210938,177.04049682617188,177.0749969482422,147597,0.0,0.0,0.0004684281205064091,26135738.324569702,-0.4461427405589715,177.1999969482422,0.0007059155846633747,0.0007056665434515292,1,1
2026-04-02 15:19:00-04:00,1,0,0,1,3.0,0.0,0.0,3.0,0.75,0.75,0.0833333333333333,4.390237477701252,3.0,0.9999996666667778,177.0749969482422,177.2100067138672,177.05999755859375,177.14500427246094,176195,0.0003953540896528551,0.0003952759578172347,0.0004732975809070591,31212064.027786255,-0.32404895343496093,177.11500549316406,-0.0001693458950201565,-0.00016936023565527792,0,-1
2026-04-02 15:20:00-04:00,0,0,0,0,2.0,0.0,0.0,2.0,0.6666666666666666,0.6666666666666666,-0.0833333333333333,2.857138775516035,2.0,0.99999950000025,177.14500427246094,177.14999389648438,177.01499938964844,177.01499938964844,207133,-0.0007338896366083647,-0.0007341590654364735,0.0004937172131924743,36665647.86857605,-0.18702705478347048,177.0196990966797,2.654976723692748e-05,2.654941479809541e-05,1,1
2026-04-02 15:21:00-04:00,0,0,0,0,2.0,0.0,0.0,2.0,0.6666666666666666,0.6666666666666666,0.0,2.857138775516035,2.0,0.99999950000025,177.01499938964844,177.05999755859375,176.97000122070312,177.02000427246094,307149,2.8273778096554736e-05,2.827337840082473e-05,0.000492114689339329,54371517.292282104,0.2997208252091407,177.08999633789062,0.00039539071144734095,0.00039531256513819615,1,1
2026-04-02 15:22:00-04:00,0,0,1,1,1.0,0.0,1.0,2.0,0.5,0.5,-0.1666666666666666,2.926824985134168,1.0,0.499999750000125,177.02000427246094,177.13999938964844,176.99000549316406,177.1199951171875,254736,0.0005648561875111202,0.0005646967163042082,0.0004993744562426575,45118839.076171875,0.013405663548182211,177.05499267578125,-0.0003669966305229755,-0.00036706399026742003,0,-1
2026-04-02 15:23:00-04:00,0,0,0,0,1.0,0.0,1.0,2.0,0.5,0.5,0.0,2.857138775516035,1.0,0.499999750000125,177.11500549316406,177.23800659179688,177.03500366210938,177.1999969482422,185699,0.0004516815337634039,0.00045157955636581515,0.0004993618829656488,32905862.233291626,-0.34607151497173155,176.92999267578125,-0.001523726168797812,-0.0015248882200985458,0,-1
2026-04-02 15:24:00-04:00,1,1,2,4,1.0,1.0,3.0,5.0,0.0,0.3333333333333333,-0.5,7.31706246283542,2.0,0.399999920000016,177.19000244140625,177.22000122070312,177.10000610351562,177.11500549316406,213716,-0.0004796357592655731,-0.0004797508212897347,0.0004922682937034366,37852310.51397705,-0.20560742316779038,176.90499877929688,-0.0011857081972385108,-0.0011864117053615585,0,-1
2026-04-02 15:25:00-04:00,0,0,1,1,1.0,1.0,4.0,6.0,0.0,0.3333333333333333,0.0,7.999989333347555,2.0,0.333333277777787,177.11000061035156,177.1199951171875,176.99000549316406,177.0196990966797,208678,-0.0005381045847526744,-0.0005382494149829448,0.0005030027710614265,36940116.768096924,-0.19677021775588638,176.97999572753906,-0.00022428785803629836,-0.0002243130143194992,0,-1
2026-04-02 15:26:00-04:00,0,0,1,1,1.0,1.0,5.0,7.0,0.0,0.3333333333333333,0.0,9.33332088890548,2.0,0.285714244897965,177.0050048828125,177.1269989013672,176.9700927734375,177.08999633789062,202802,0.00039711535817565924,0.00039703652874070543,0.000503942481182869,35914205.437316895,-0.2323349331035227,177.0399932861328,-0.0002823595504649612,-0.0002823994214283054,0,-1
2026-04-02 15:27:00-04:00,0,1,0,1,1.0,2.0,4.0,7.0,-0.25,0.25,-0.25,9.130422873361468,3.0,0.4285713673469475,177.08999633789062,177.16000366210938,177.0500030517578,177.05499267578125,142922,-0.00019766030172918558,-0.0001976798391011764,0.0004989592541779694,25305053.663208008,-0.5509452899880335,177.01499938964844,-0.00022588058957506707,-0.00022590610443772095,0,-1
2026-04-02 15:28:00-04:00,0,0,0,0,1.0,2.0,4.0,7.0,-0.25,0.25,0.0,8.936158804903654,3.0,0.4285713673469475,177.0500030517578,177.05499267578125,176.9149932861328,176.92999267578125,301710,-0.0007059953413959263,-0.0007062446734653891,0.0005160572859414647,53381548.09020996,0.25761291377161966,177.02999877929688,0.0005652297951477259,0.000565070112955653,1,1
2026-04-02 15:29:00-04:00,1,0,0,1,1.0,1.0,2.0,4.0,0.0,0.3333333333333333,0.25,5.217384499063696,2.0,0.4999998750000312,176.94000244140625,176.9550018310547,176.8800048828125,176.90499877929688,216943,-0.0001412643278076997,-0.00014127430655262672,0.0005163187389290207,38378301.150177,-0.18160736455552776,177.02499389648438,0.0006783025805687792,0.0006780726373482206,1,1
2026-04-02 15:30:00-04:00,0,0,0,0,1.0,1.0,1.0,3.0,0.0,0.3333333333333333,0.0,3.9999946666737776,2.0,0.6666664444445185,176.89999389648438,177.0,176.86000061035156,176.97999572753906,247091,0.00042393911285554253,0.0004238492760591625,0.000505660461641538,43730164.124313354,-0.025517787655919683,177.0399932861328,0.00033900757171512197,0.00033895012163192396,1,1
2026-04-02 15:31:00-04:00,1,0,0,1,2.0,1.0,0.0,3.0,0.25,0.5,0.25,4.090903512404301,3.0,0.9999996666667778,176.97999572753906,177.06500244140625,176.91000366210938,177.0399932861328,198262,0.00033900757171512197,0.00033895012163192396,0.0005088417921522885,35100303.14889526,-0.27775819608893487,177.1300048828125,0.0005084252151670299,0.0005082960108592847,1,1
2026-04-02 15:32:00-04:00,0,1,0,1,2.0,1.0,0.0,3.0,0.25,0.5,0.0,4.090903512404301,3.0,0.9999996666667778,177.03500366210938,177.05999755859375,176.97999572753906,177.01499938964844,151574,-0.00014117655576262322,-0.00014118652211059254,0.0005059057416582339,26830871.517486572,-0.5196038093538737,176.94000244140625,-0.00042367566873302565,-0.0004237654446273007,0,-1
2026-04-02 15:33:00-04:00,0,0,0,0,2.0,1.0,0.0,3.0,0.25,0.5,0.0,3.9999946666737776,3.0,0.9999996666667778,177.02999877929688,177.0500030517578,176.98500061035156,177.02999877929688,167394,8.473513374651631e-05,8.473154392785854e-05,0.0004987932520293296,29633759.61566162,-0.4403993499847727,177.11000061035156,0.00045191115407750004,0.0004518090729851418,1,1
2026-04-02 15:34:00-04:00,0,1,0,1,1.0,2.0,0.0,3.0,-0.25,0.25,-0.5,4.090903512404301,3.0,0.9999996666667778,177.00999450683594,177.0500030517578,176.9600067138672,177.02499389648438,164784,-2.827138251715322e-05,-2.8271782160220263e-05,0.0004983229396167276,29170886.59423828,-0.4567000375004405,177.125,0.0005649264621587768,0.0005647669512767381,1,1
2026-04-02 15:35:00-04:00,1,0,0,1,2.0,2.0,0.0,4.0,0.0,0.4,0.25,5.454538016539068,4.0,0.9999997500000624,177.02000427246094,177.1199951171875,176.99009704589844,177.0399932861328,193801,8.47303497562013e-05,8.47267603428698e-05,0.0004983091318440369,34310527.738845825,-0.342047091698313,177.07000732421875,0.0001695325306381168,0.00016951816162263196,1,1
2026-04-02 15:36:00-04:00,0,0,0,0,1.0,2.0,0.0,3.0,-0.25,0.25,-0.25,3.9999946666737776,3.0,0.9999996666667778,177.0449981689453,177.17999267578125,177.0399932861328,177.1300048828125,185282,0.0005084252151670299,0.0005082960108592847,0.0005060768143044241,32819001.564697266,-0.4923741376274783,177.1199951171875,-5.6510841467072304e-05,-5.651243826483183e-05,0,-1
2026-04-02 15:37:00-04:00,0,0,0,0,1.0,1.0,0.0,2.0,0.0,0.3333333333333333,0.25,2.727269008269534,2.0,0.99999950000025,177.13499450683594,177.13999938964844,176.91000366210938,176.94000244140625,221986,-0.0010726722529701416,-0.001073247977597333,0.0005361275162313983,39278203.38195801,0.004782146240573413,177.07989501953125,0.0007906215451269905,0.0007903091685501056,1,1
2026-04-02 15:38:00-04:00,0,1,1,2,1.0,2.0,1.0,4.0,-0.25,0.25,-0.25,5.454538016539068,3.0,0.7499998125000469,176.9398956298828,177.13999938964844,176.9300994873047,177.11000061035156,187939,0.0009607673030387343,0.0009603060615402992,0.0005613089202994104,33285876.404708862,-0.4402182525280316,177.00999450683594,-0.0005646553168707769,-0.0005648147947203816,0,-1
2026-04-02 15:39:00-04:00,0,0,0,0,1.0,1.0,1.0,3.0,0.0,0.3333333333333333,0.25,4.186040670640924,2.0,0.6666664444445185,177.10499572753906,177.15499877929688,177.0800018310547,177.125,174009,8.468968210006977e-05,8.468609613140426e-05,0.0005608912044037668,30821344.125,-0.683982332754831,176.9799041748047,-0.0008191719135938191,-0.0008195076182515681,0,-1
2026-04-02 15:40:00-04:00,0,0,1,1,0.0,1.0,2.0,3.0,-0.5,0.0,-0.5,4.186040670640924,1.0,0.3333332222222592,177.1300048828125,177.13499450683594,177.02999877929688,177.07000732421875,210464,-0.0003104738223359549,-0.0003105220293113937,0.0004936530801079835,37266862.021484375,0.0011938313593163016,176.9600067138672,-0.0006212266662990462,-0.00062141970753689,0,-1
2026-04-02 15:41:00-04:00,0,0,0,0,0.0,1.0,2.0,3.0,-0.5,0.0,0.0,4.285708163274053,1.0,0.3333332222222592,177.08999633789062,177.1699981689453,177.02000427246094,177.1199951171875,255476,0.0002823052516014446,0.0002822654109718733,0.0004962322079431083,45249907.872558594,1.1459031685263508,177.0200958251953,-0.0005640204084585987,-0.000564179527803029,0,-1
2026-04-02 15:42:00-04:00,0,0,1,1,0.0,1.0,3.0,4.0,-0.5,0.0,0.0,5.853649970268336,1.0,0.2499999375000156,177.1199951171875,177.16000366210938,177.0500030517578,177.07989501953125,501393,-0.00022640073826629692,-0.00022642637078232737,0.0004943918201618453,88786619.80352783,4.273305190912419,177.09500122070312,8.530726297428792e-05,8.530362451665294e-05,1,1
2026-04-02 15:43:00-04:00,0,0,2,2,0.0,0.0,4.0,4.0,0.0,0.0,0.5,5.853649970268336,0.0,0.0,177.0699005126953,177.10000610351562,177.00010681152344,177.00999450683594,140422,-0.00039473997139882755,-0.0003948179017301568,0.000497115891202925,24856097.448638916,-1.0910032515403256,176.92799377441406,-0.00046325481592346396,-0.00046336215158615724,0,-1
2026-04-02 15:44:00-04:00,0,0,0,0,0.0,0.0,4.0,4.0,0.0,0.0,0.0,5.853649970268336,0.0,0.0,177.00999450683594,177.0399932861328,176.9499969482422,176.9799041748047,217381,-0.00016999227707503728,-0.00017000672739982212,0.0004962609275294508,38472068.54942322,0.03420233968103233,176.9862060546875,3.5607883913213456e-05,3.5607249967563995e-05,1,1
2026-04-02 15:45:00-04:00,0,0,0,0,0.0,0.0,3.0,3.0,0.0,0.0,0.0,4.499993250010125,0.0,0.0,176.97999572753906,177.0299072265625,176.88999938964844,176.9600067138672,227092,-0.00011242779811793113,-0.00011243411859656206,0.0004948882491075028,40186201.84466553,0.1822482762571156,177.25,0.0016387504245618523,0.0016374091382405991,1,1
2026-04-02 15:46:00-04:00,0,0,0,0,0.0,0.0,3.0,3.0,0.0,0.0,0.0,4.499993250010125,0.0,0.0,176.9550018310547,177.02999877929688,176.9199981689453,177.0200958251953,159713,0.00033956322925154936,0.00033950559070580413,0.0005004165149976077,28272410.56452942,-0.7674289101351116,177.22500610351562,0.0011575537645323042,0.0011568843157389232,1,1
2026-04-02 15:47:00-04:00,0,0,0,0,0.0,0.0,2.0,2.0,0.0,0.0,0.0,3.243237983938404,0.0,0.0,177.02999877929688,177.10499572753906,176.99000549316406,177.09500122070312,164800,0.0004231462826784771,0.00042305678153736477,0.0004488293649495423,29185256.201171875,-0.6707983253719386,177.27999877929688,0.0010446232661485144,0.0010440780269444275,1,1
2026-04-02 15:48:00-04:00,0,0,0,0,0.0,0.0,0.0,0.0,0.0,0.0,0.0,0.0,0.0,0.0,177.09500122070312,177.10000610351562,176.89999389648438,176.92799377441406,0,-0.0009430387370501503,-0.0009434836778328622,0.0004810040108875674,0.0,-2.630696553045671,177.25,0.0018199846090862781,0.0018183304438303908,1,1
2026-04-02 15:49:00-04:00,1,1,1,3,1.0,1.0,1.0,3.0,0.0,0.3333333333333333,0.0,4.999991666680556,2.0,0.6666664444445185,176.9250030517578,177.0,176.91000366210938,176.9862060546875,192152,0.00032901678830810077,0.00032896267415392455,0.00047914205082682046,34008253.46582031,-0.18659906867200346,177.29989624023438,0.001772399061709562,0.0017708302159661967,1,1
2026-04-02 15:50:00-04:00,0,0,0,0,1.0,1.0,1.0,3.0,0.0,0.3333333333333333,0.0,4.615377514803823,2.0,0.6666664444445185,176.99000549316406,177.4499969482422,176.98899841308594,177.25,778190,0.0014904774286816913,0.0014893677696766105,0.0005351475008749195,137934177.5,4.236053070932794,177.42999267578125,0.001015473488187535,0.0010149582437667937,1,1
2026-04-02 15:51:00-04:00,0,1,1,2,1.0,2.0,2.0,5.0,-0.25,0.25,-0.25,7.894724376750984,3.0,0.599999880000024,177.2550048828125,177.25999450683594,177.0800018310547,177.22500610351562,388125,-0.0001410092890514747,-0.00014101923179596462,0.0005362130170707192,68785455.493927,1.2006590533809007,177.3350067138672,0.0006206833492070629,0.0006204908049656216,1,1
2026-04-02 15:52:00-04:00,0,1,0,1,1.0,3.0,2.0,6.0,-0.4,0.2,-0.15,9.729713951815212,4.0,0.6666665555555741,177.22500610351562,177.36000061035156,177.2050018310547,177.27999877929688,331979,0.00031029862540465913,0.00031025049274293687,0.0005295754831271935,58853236.7147522,0.7518503471715536,177.32000732421875,0.00022567997065303658,0.00022565450875921387,1,1
2026-04-02 15:53:00-04:00,3,0,1,4,4.0,3.0,3.0,10.0,0.125,0.5,0.525,16.21618991969202,7.0,0.699999930000007,177.25999450683594,177.38499450683594,177.24000549316406,177.25,362022,-0.0001692169421448897,-0.00016923126094698951,0.0005246442076126403,64168399.5,0.9195952048973285,177.2899932861328,0.00022563207973380628,0.00022560662864441996,1,1
2026-04-02 15:54:00-04:00,1,0,0,1,4.0,2.0,2.0,8.0,0.2857142857142857,0.5714285714285714,0.1607142857142857,11.707299940536672,6.0,0.7499999062500118,177.25,177.3300018310547,177.14999389648438,177.29989624023438,330931,0.00028150206056065663,0.0002814624462897649,0.0005185431201366137,58674031.962677,0.6575126693949608,177.39999389648438,0.0005645669195111225,0.0005644076115649968,1,1
2026-04-02 15:55:00-04:00,0,0,0,0,4.0,2.0,2.0,8.0,0.2857142857142857,0.5714285714285714,0.0,11.707299940536672,6.0,0.7499999062500118,177.2899932861328,177.47999572753906,177.17010498046875,177.42999267578125,630741,0.0007337648713037215,0.000733495797477111,0.0005220534884246866,111912371.01031494,2.4374698797547443,,,,0,0
2026-04-02 15:56:00-04:00,0,0,0,0,4.0,1.0,1.0,6.0,0.5,0.6666666666666666,0.2142857142857143,8.780474955402504,5.0,0.8333331944444675,177.4250030517578,177.42799377441406,177.3101043701172,177.3350067138672,413324,-0.0005353433231980453,-0.0005354866705972234,0.0005300521324634761,73296814.31500244,0.9673261850177002,,,,0,0
2026-04-02 15:57:00-04:00,0,0,0,0,4.0,0.0,1.0,5.0,0.8,0.8,0.3,7.31706246283542,4.0,0.799999840000032,177.3350067138672,177.35000610351562,177.22000122070312,177.32000732421875,424531,-8.458222618523692e-05,-8.458580346344767e-05,0.0005286589940122309,75277840.02935791,0.9723843732269523,,,,0,0
2026-04-02 15:58:00-04:00,0,0,0,0,1.0,0.0,0.0,1.0,0.5,0.5,-0.3,1.463412492567084,1.0,0.999999000001,177.31500244140625,177.36500549316406,177.27000427246094,177.2899932861328,1768273,-0.00016926481415635575,-0.00016927914106172823,0.0005109710419204431,313497108.2980499,4.588516453987609,,,,0,0
2026-04-02 15:59:00-04:00,0,0,1,1,0.0,0.0,1.0,1.0,0.0,0.0,-0.5,1.499997750003375,0.0,0.0,177.2899932861328,177.47000122070312,177.25999450683594,177.39999389648438,1473520,0.0006204558323492648,0.000620263429210303,0.0005190804966019402,261402439.00634766,2.936242342898156,,,,0,0
